sector,okved2,year,factoriescap_s
Добыча угля,05,2017.0,1228407.0
Добыча угля,05,2018.0,1567151.0
Добыча угля,05,2019.0,1392654.0
Добыча угля,05,2020.0,1100427.0
Добыча угля,05,2021.0,2143580.0
Добыча угля,05,2022.0,2805100.0
Добыча угля,05,2023.0,2346977.0
Добыча угля,05,2024.0,2022430.0
Добыча угля,05,2025.0,1655144.0
Добыча и обогащение угля и антрацита,05.1,2017.0,1151523.0
Добыча и обогащение угля и антрацита,05.1,2018.0,1472893.0
Добыча и обогащение угля и антрацита,05.1,2019.0,1302804.0
Добыча и обогащение угля и антрацита,05.1,2020.0,1014842.0
Добыча и обогащение угля и антрацита,05.1,2021.0,2023172.0
Добыча и обогащение угля и антрацита,05.1,2022.0,2649450.0
Добыча и обогащение угля и антрацита,05.1,2023.0,2167900.0
Добыча и обогащение угля и антрацита,05.1,2024.0,1836889.0
Добыча и обогащение угля и антрацита,05.1,2025.0,1460307.0
Добыча и обогащение бурого угля (лигнита),05.2,2017.0,76884.0
Добыча и обогащение бурого угля (лигнита),05.2,2018.0,94257.0
Добыча и обогащение бурого угля (лигнита),05.2,2019.0,89850.0
Добыча и обогащение бурого угля (лигнита),05.2,2020.0,85585.0
Добыча и обогащение бурого угля (лигнита),05.2,2021.0,120408.0
Добыча и обогащение бурого угля (лигнита),05.2,2022.0,155649.0
Добыча и обогащение бурого угля (лигнита),05.2,2023.0,179077.0
Добыча и обогащение бурого угля (лигнита),05.2,2024.0,185541.0
Добыча и обогащение бурого угля (лигнита),05.2,2025.0,194840.0
Добыча нефти и природного газа,06,2017.0,9286030.0
Добыча нефти и природного газа,06,2018.0,12873615.0
Добыча нефти и природного газа,06,2019.0,12859341.0
Добыча нефти и природного газа,06,2020.0,8946130.0
Добыча нефти и природного газа,06,2021.0,16211460.0
Добыча нефти и природного газа,06,2022.0,19396690.0
Добыча нефти и природного газа,06,2023.0,19860021.0
Добыча нефти и природного газа,06,2024.0,23543276.0
Добыча нефти и природного газа,06,2025.0,17280133.0
Добыча нефти и нефтяного (попутного) газа,06.1,2017.0,7834484.0
Добыча нефти и нефтяного (попутного) газа,06.1,2018.0,11078753.0
Добыча нефти и нефтяного (попутного) газа,06.1,2019.0,11019125.0
Добыча нефти и нефтяного (попутного) газа,06.1,2020.0,7322715.0
Добыча нефти и нефтяного (попутного) газа,06.1,2021.0,13446075.0
Добыча нефти и нефтяного (попутного) газа,06.1,2022.0,15462920.0
Добыча нефти и нефтяного (попутного) газа,06.1,2023.0,16102035.0
Добыча нефти и нефтяного (попутного) газа,06.1,2024.0,19095274.0
Добыча нефти и нефтяного (попутного) газа,06.1,2025.0,13808243.0
Добыча природного газа и газового конденсата,06.2,2017.0,1451547.0
Добыча природного газа и газового конденсата,06.2,2018.0,1794862.0
Добыча природного газа и газового конденсата,06.2,2019.0,1840215.0
Добыча природного газа и газового конденсата,06.2,2020.0,1623415.0
Добыча природного газа и газового конденсата,06.2,2021.0,2765385.0
Добыча природного газа и газового конденсата,06.2,2022.0,3933770.0
Добыча природного газа и газового конденсата,06.2,2023.0,3757986.0
Добыча природного газа и газового конденсата,06.2,2024.0,4448002.0
Добыча природного газа и газового конденсата,06.2,2025.0,3471888.0
Добыча металлических руд,07,2017.0,1026605.0
Добыча металлических руд,07,2018.0,1198576.0
Добыча металлических руд,07,2019.0,1204020.0
Добыча металлических руд,07,2020.0,1611956.0
Добыча металлических руд,07,2021.0,2268091.0
Добыча металлических руд,07,2022.0,1709618.0
Добыча металлических руд,07,2023.0,2080519.0
Добыча металлических руд,07,2024.0,2472055.0
Добыча металлических руд,07,2025.0,2492094.0
Добыча и обогащение железных руд,07.1,2017.0,348487.0
Добыча и обогащение железных руд,07.1,2018.0,420883.0
Добыча и обогащение железных руд,07.1,2019.0,502392.0
Добыча и обогащение железных руд,07.1,2020.0,526318.0
Добыча и обогащение железных руд,07.1,2021.0,1037563.0
Добыча и обогащение железных руд,07.1,2022.0,595177.0
Добыча и обогащение железных руд,07.1,2023.0,590779.0
Добыча и обогащение железных руд,07.1,2024.0,732416.0
Добыча и обогащение железных руд,07.1,2025.0,612808.0
Добыча руд цветных металлов,07.2,2017.0,678118.0
Добыча руд цветных металлов,07.2,2018.0,777692.0
Добыча руд цветных металлов,07.2,2019.0,701628.0
Добыча руд цветных металлов,07.2,2020.0,1085638.0
Добыча руд цветных металлов,07.2,2021.0,1230527.0
Добыча руд цветных металлов,07.2,2022.0,1114441.0
Добыча руд цветных металлов,07.2,2023.0,1489740.0
Добыча руд цветных металлов,07.2,2024.0,1739639.0
Добыча руд цветных металлов,07.2,2025.0,1879284.0
Добыча прочих полезных ископаемых,08,2017.0,574665.0
Добыча прочих полезных ископаемых,08,2018.0,614363.0
Добыча прочих полезных ископаемых,08,2019.0,577724.0
Добыча прочих полезных ископаемых,08,2020.0,594600.0
Добыча прочих полезных ископаемых,08,2021.0,723905.0
Добыча прочих полезных ископаемых,08,2022.0,819864.0
Добыча прочих полезных ископаемых,08,2023.0,934938.0
Добыча прочих полезных ископаемых,08,2024.0,913265.0
Добыча прочих полезных ископаемых,08,2025.0,850410.0
"Добыча камня, песка и глины",08.1,2017.0,204348.0
"Добыча камня, песка и глины",08.1,2018.0,231132.0
"Добыча камня, песка и глины",08.1,2019.0,247038.0
"Добыча камня, песка и глины",08.1,2020.0,286623.0
"Добыча камня, песка и глины",08.1,2021.0,294692.0
"Добыча камня, песка и глины",08.1,2022.0,388203.0
"Добыча камня, песка и глины",08.1,2023.0,454908.0
"Добыча камня, песка и глины",08.1,2024.0,508850.0
"Добыча камня, песка и глины",08.1,2025.0,449605.0
"Добыча полезных ископаемых, не включенных в другие группировки",08.9,2017.0,370317.0
"Добыча полезных ископаемых, не включенных в другие группировки",08.9,2018.0,383230.0
"Добыча полезных ископаемых, не включенных в другие группировки",08.9,2019.0,330686.0
"Добыча полезных ископаемых, не включенных в другие группировки",08.9,2020.0,307976.0
"Добыча полезных ископаемых, не включенных в другие группировки",08.9,2021.0,429213.0
"Добыча полезных ископаемых, не включенных в другие группировки",08.9,2022.0,431661.0
"Добыча полезных ископаемых, не включенных в другие группировки",08.9,2023.0,480030.0
"Добыча полезных ископаемых, не включенных в другие группировки",08.9,2024.0,404415.0
"Добыча полезных ископаемых, не включенных в другие группировки",08.9,2025.0,400804.0
Предоставление услуг в области добычи полезных ископаемых,09,2017.0,1800457.0
Предоставление услуг в области добычи полезных ископаемых,09,2018.0,1940166.0
Предоставление услуг в области добычи полезных ископаемых,09,2019.0,2290389.0
Предоставление услуг в области добычи полезных ископаемых,09,2020.0,2358657.0
Предоставление услуг в области добычи полезных ископаемых,09,2021.0,2251367.0
Предоставление услуг в области добычи полезных ископаемых,09,2022.0,2564556.0
Предоставление услуг в области добычи полезных ископаемых,09,2023.0,2863312.0
Предоставление услуг в области добычи полезных ископаемых,09,2024.0,3295701.0
Предоставление услуг в области добычи полезных ископаемых,09,2025.0,3435297.0
Производство пищевых продуктов,10,2017.0,5470796.0
Производство пищевых продуктов,10,2018.0,5818185.0
Производство пищевых продуктов,10,2019.0,6415791.0
Производство пищевых продуктов,10,2020.0,7328299.0
Производство пищевых продуктов,10,2021.0,8540453.0
Производство пищевых продуктов,10,2022.0,9825527.0
Производство пищевых продуктов,10,2023.0,10696571.0
Производство пищевых продуктов,10,2024.0,12305648.0
Производство пищевых продуктов,10,2025.0,13317448.0
Переработка и консервирование мяса и мясной пищевой продукции,10.1,2017.0,1432820.0
Переработка и консервирование мяса и мясной пищевой продукции,10.1,2018.0,1562775.0
Переработка и консервирование мяса и мясной пищевой продукции,10.1,2019.0,1720049.0
Переработка и консервирование мяса и мясной пищевой продукции,10.1,2020.0,1861906.0
Переработка и консервирование мяса и мясной пищевой продукции,10.1,2021.0,2145831.0
Переработка и консервирование мяса и мясной пищевой продукции,10.1,2022.0,2418802.0
Переработка и консервирование мяса и мясной пищевой продукции,10.1,2023.0,2751594.0
Переработка и консервирование мяса и мясной пищевой продукции,10.1,2024.0,3109671.0
Переработка и консервирование мяса и мясной пищевой продукции,10.1,2025.0,3389669.0
"Переработка и консервирование рыбы, ракообразных и моллюсков",10.2,2017.0,352415.0
"Переработка и консервирование рыбы, ракообразных и моллюсков",10.2,2018.0,421751.0
"Переработка и консервирование рыбы, ракообразных и моллюсков",10.2,2019.0,482084.0
"Переработка и консервирование рыбы, ракообразных и моллюсков",10.2,2020.0,500683.0
"Переработка и консервирование рыбы, ракообразных и моллюсков",10.2,2021.0,587501.0
"Переработка и консервирование рыбы, ракообразных и моллюсков",10.2,2022.0,561761.0
"Переработка и консервирование рыбы, ракообразных и моллюсков",10.2,2023.0,676932.0
"Переработка и консервирование рыбы, ракообразных и моллюсков",10.2,2024.0,685538.0
"Переработка и консервирование рыбы, ракообразных и моллюсков",10.2,2025.0,748669.0
Переработка и консервирование фруктов и овощей,10.3,2017.0,136405.0
Переработка и консервирование фруктов и овощей,10.3,2018.0,175232.0
Переработка и консервирование фруктов и овощей,10.3,2019.0,201963.0
Переработка и консервирование фруктов и овощей,10.3,2020.0,241210.0
Переработка и консервирование фруктов и овощей,10.3,2021.0,266263.0
Переработка и консервирование фруктов и овощей,10.3,2022.0,308135.0
Переработка и консервирование фруктов и овощей,10.3,2023.0,371646.0
Переработка и консервирование фруктов и овощей,10.3,2024.0,438855.0
Переработка и консервирование фруктов и овощей,10.3,2025.0,493752.0
Производство растительных и животных масел и жиров,10.4,2017.0,464025.0
Производство растительных и животных масел и жиров,10.4,2018.0,467250.0
Производство растительных и животных масел и жиров,10.4,2019.0,528954.0
Производство растительных и животных масел и жиров,10.4,2020.0,766093.0
Производство растительных и животных масел и жиров,10.4,2021.0,1065594.0
Производство растительных и животных масел и жиров,10.4,2022.0,1236084.0
Производство растительных и животных масел и жиров,10.4,2023.0,1279799.0
Производство растительных и животных масел и жиров,10.4,2024.0,1460630.0
Производство растительных и животных масел и жиров,10.4,2025.0,1486367.0
Производство молочной продукции,10.5,2017.0,859044.0
Производство молочной продукции,10.5,2018.0,910502.0
Производство молочной продукции,10.5,2019.0,972879.0
Производство молочной продукции,10.5,2020.0,1119627.0
Производство молочной продукции,10.5,2021.0,1210512.0
Производство молочной продукции,10.5,2022.0,1477784.0
Производство молочной продукции,10.5,2023.0,1616762.0
Производство молочной продукции,10.5,2024.0,1885214.0
Производство молочной продукции,10.5,2025.0,2107123.0
"Производство продуктов мукомольной и крупяной промышленности, крахмала и крахмалосодержащих продуктов",10.6,2017.0,203247.0
"Производство продуктов мукомольной и крупяной промышленности, крахмала и крахмалосодержащих продуктов",10.6,2018.0,213347.0
"Производство продуктов мукомольной и крупяной промышленности, крахмала и крахмалосодержащих продуктов",10.6,2019.0,261170.0
"Производство продуктов мукомольной и крупяной промышленности, крахмала и крахмалосодержащих продуктов",10.6,2020.0,307626.0
"Производство продуктов мукомольной и крупяной промышленности, крахмала и крахмалосодержащих продуктов",10.6,2021.0,335995.0
"Производство продуктов мукомольной и крупяной промышленности, крахмала и крахмалосодержащих продуктов",10.6,2022.0,413010.0
"Производство продуктов мукомольной и крупяной промышленности, крахмала и крахмалосодержащих продуктов",10.6,2023.0,396298.0
"Производство продуктов мукомольной и крупяной промышленности, крахмала и крахмалосодержащих продуктов",10.6,2024.0,449302.0
"Производство продуктов мукомольной и крупяной промышленности, крахмала и крахмалосодержащих продуктов",10.6,2025.0,449057.0
Производство хлебобулочных и мучных кондитерских изделий,10.7,2017.0,554463.0
Производство хлебобулочных и мучных кондитерских изделий,10.7,2018.0,547014.0
Производство хлебобулочных и мучных кондитерских изделий,10.7,2019.0,594460.0
Производство хлебобулочных и мучных кондитерских изделий,10.7,2020.0,654624.0
Производство хлебобулочных и мучных кондитерских изделий,10.7,2021.0,696960.0
Производство хлебобулочных и мучных кондитерских изделий,10.7,2022.0,852900.0
Производство хлебобулочных и мучных кондитерских изделий,10.7,2023.0,919493.0
Производство хлебобулочных и мучных кондитерских изделий,10.7,2024.0,1092330.0
Производство хлебобулочных и мучных кондитерских изделий,10.7,2025.0,1246974.0
Производство прочих пищевых продуктов,10.8,2017.0,1056622.0
Производство прочих пищевых продуктов,10.8,2018.0,1056935.0
Производство прочих пищевых продуктов,10.8,2019.0,1132006.0
Производство прочих пищевых продуктов,10.8,2020.0,1313267.0
Производство прочих пищевых продуктов,10.8,2021.0,1564547.0
Производство прочих пищевых продуктов,10.8,2022.0,1776319.0
Производство прочих пищевых продуктов,10.8,2023.0,1928590.0
Производство прочих пищевых продуктов,10.8,2024.0,2296200.0
Производство прочих пищевых продуктов,10.8,2025.0,2440486.0
Производство готовых кормов для животных,10.9,2017.0,411754.0
Производство готовых кормов для животных,10.9,2018.0,463382.0
Производство готовых кормов для животных,10.9,2019.0,522227.0
Производство готовых кормов для животных,10.9,2020.0,563263.0
Производство готовых кормов для животных,10.9,2021.0,667251.0
Производство готовых кормов для животных,10.9,2022.0,780732.0
Производство готовых кормов для животных,10.9,2023.0,755458.0
Производство готовых кормов для животных,10.9,2024.0,887908.0
Производство готовых кормов для животных,10.9,2025.0,955347.0
Производство напитков,11,2017.0,705771.0
Производство напитков,11,2018.0,755030.0
Производство напитков,11,2019.0,820059.0
Производство напитков,11,2020.0,854053.0
Производство напитков,11,2021.0,968246.0
Производство напитков,11,2022.0,1193987.0
Производство напитков,11,2023.0,1320892.0
Производство напитков,11,2024.0,1552779.0
Производство напитков,11,2025.0,1676733.0
Производство табачных изделий,12,2017.0,174840.0
Производство табачных изделий,12,2018.0,223720.0
Производство табачных изделий,12,2019.0,208034.0
Производство табачных изделий,12,2020.0,245374.0
Производство табачных изделий,12,2021.0,276041.0
Производство табачных изделий,12,2022.0,267080.0
Производство табачных изделий,12,2023.0,312103.0
Производство табачных изделий,12,2024.0,362085.0
Производство табачных изделий,12,2025.0,402467.0
Производство текстильных изделий,13,2017.0,203033.0
Производство текстильных изделий,13,2018.0,230283.0
Производство текстильных изделий,13,2019.0,239186.0
Производство текстильных изделий,13,2020.0,321489.0
Производство текстильных изделий,13,2021.0,332505.0
Производство текстильных изделий,13,2022.0,385425.0
Производство текстильных изделий,13,2023.0,475233.0
Производство текстильных изделий,13,2024.0,545018.0
Производство текстильных изделий,13,2025.0,545026.0
Подготовка и прядение текстильных волокон,13.1,2017.0,11592.0
Подготовка и прядение текстильных волокон,13.1,2018.0,8809.0
Подготовка и прядение текстильных волокон,13.1,2019.0,7403.0
Подготовка и прядение текстильных волокон,13.1,2020.0,8314.0
Подготовка и прядение текстильных волокон,13.1,2021.0,8725.0
Подготовка и прядение текстильных волокон,13.1,2022.0,11313.0
Подготовка и прядение текстильных волокон,13.1,2023.0,13979.0
Подготовка и прядение текстильных волокон,13.1,2024.0,14261.0
Подготовка и прядение текстильных волокон,13.1,2025.0,14990.0
Производство текстильных тканей,13.2,2017.0,52559.0
Производство текстильных тканей,13.2,2018.0,59069.0
Производство текстильных тканей,13.2,2019.0,58769.0
Производство текстильных тканей,13.2,2020.0,76670.0
Производство текстильных тканей,13.2,2021.0,83752.0
Производство текстильных тканей,13.2,2022.0,105912.0
Производство текстильных тканей,13.2,2023.0,123086.0
Производство текстильных тканей,13.2,2024.0,136793.0
Производство текстильных тканей,13.2,2025.0,138103.0
Отделка тканей и текстильных изделий,13.3,2017.0,8532.0
Отделка тканей и текстильных изделий,13.3,2018.0,5137.0
Отделка тканей и текстильных изделий,13.3,2019.0,6423.0
Отделка тканей и текстильных изделий,13.3,2020.0,8008.0
Отделка тканей и текстильных изделий,13.3,2021.0,8297.0
Отделка тканей и текстильных изделий,13.3,2022.0,12095.0
Отделка тканей и текстильных изделий,13.3,2023.0,13072.0
Отделка тканей и текстильных изделий,13.3,2024.0,15751.0
Отделка тканей и текстильных изделий,13.3,2025.0,14382.0
Производство прочих текстильных изделий,13.9,2017.0,130351.0
Производство прочих текстильных изделий,13.9,2018.0,157268.0
Производство прочих текстильных изделий,13.9,2019.0,166591.0
Производство прочих текстильных изделий,13.9,2020.0,228497.0
Производство прочих текстильных изделий,13.9,2021.0,231731.0
Производство прочих текстильных изделий,13.9,2022.0,256105.0
Производство прочих текстильных изделий,13.9,2023.0,325095.0
Производство прочих текстильных изделий,13.9,2024.0,378213.0
Производство прочих текстильных изделий,13.9,2025.0,377550.0
Производство одежды,14,2017.0,172303.0
Производство одежды,14,2018.0,192899.0
Производство одежды,14,2019.0,196936.0
Производство одежды,14,2020.0,285729.0
Производство одежды,14,2021.0,247522.0
Производство одежды,14,2022.0,317422.0
Производство одежды,14,2023.0,429600.0
Производство одежды,14,2024.0,582632.0
Производство одежды,14,2025.0,589782.0
"Производство одежды, кроме одежды из меха",14.1,2017.0,153756.0
"Производство одежды, кроме одежды из меха",14.1,2018.0,173525.0
"Производство одежды, кроме одежды из меха",14.1,2019.0,178710.0
"Производство одежды, кроме одежды из меха",14.1,2020.0,266296.0
"Производство одежды, кроме одежды из меха",14.1,2021.0,226015.0
"Производство одежды, кроме одежды из меха",14.1,2022.0,295820.0
"Производство одежды, кроме одежды из меха",14.1,2023.0,401295.0
"Производство одежды, кроме одежды из меха",14.1,2024.0,553788.0
"Производство одежды, кроме одежды из меха",14.1,2025.0,560715.0
Производство меховых изделий,14.2,2017.0,2700.0
Производство меховых изделий,14.2,2018.0,3193.0
Производство меховых изделий,14.2,2019.0,3296.0
Производство меховых изделий,14.2,2020.0,3432.0
Производство меховых изделий,14.2,2021.0,2257.0
Производство меховых изделий,14.2,2022.0,2062.0
Производство меховых изделий,14.2,2023.0,2980.0
Производство меховых изделий,14.2,2024.0,2908.0
Производство меховых изделий,14.2,2025.0,2543.0
Производство вязаных и трикотажных изделий одежды,14.3,2017.0,15846.0
Производство вязаных и трикотажных изделий одежды,14.3,2018.0,16181.0
Производство вязаных и трикотажных изделий одежды,14.3,2019.0,14930.0
Производство вязаных и трикотажных изделий одежды,14.3,2020.0,16001.0
Производство вязаных и трикотажных изделий одежды,14.3,2021.0,19250.0
Производство вязаных и трикотажных изделий одежды,14.3,2022.0,19540.0
Производство вязаных и трикотажных изделий одежды,14.3,2023.0,25325.0
Производство вязаных и трикотажных изделий одежды,14.3,2024.0,25936.0
Производство вязаных и трикотажных изделий одежды,14.3,2025.0,26523.0
Производство кожи и изделий из кожи,15,2017.0,76528.0
Производство кожи и изделий из кожи,15,2018.0,80118.0
Производство кожи и изделий из кожи,15,2019.0,76316.0
Производство кожи и изделий из кожи,15,2020.0,80474.0
Производство кожи и изделий из кожи,15,2021.0,90546.0
Производство кожи и изделий из кожи,15,2022.0,115395.0
Производство кожи и изделий из кожи,15,2023.0,140049.0
Производство кожи и изделий из кожи,15,2024.0,139868.0
Производство кожи и изделий из кожи,15,2025.0,133306.0
"Дубление и отделка кожи, производство чемоданов, сумок, шорно-седельных изделий из кожи; выделка и крашение меха",15.1,2017.0,28305.0
"Дубление и отделка кожи, производство чемоданов, сумок, шорно-седельных изделий из кожи; выделка и крашение меха",15.1,2018.0,25449.0
"Дубление и отделка кожи, производство чемоданов, сумок, шорно-седельных изделий из кожи; выделка и крашение меха",15.1,2019.0,23168.0
"Дубление и отделка кожи, производство чемоданов, сумок, шорно-седельных изделий из кожи; выделка и крашение меха",15.1,2020.0,21906.0
"Дубление и отделка кожи, производство чемоданов, сумок, шорно-седельных изделий из кожи; выделка и крашение меха",15.1,2021.0,23965.0
"Дубление и отделка кожи, производство чемоданов, сумок, шорно-седельных изделий из кожи; выделка и крашение меха",15.1,2022.0,33993.0
"Дубление и отделка кожи, производство чемоданов, сумок, шорно-седельных изделий из кожи; выделка и крашение меха",15.1,2023.0,30262.0
"Дубление и отделка кожи, производство чемоданов, сумок, шорно-седельных изделий из кожи; выделка и крашение меха",15.1,2024.0,29193.0
"Дубление и отделка кожи, производство чемоданов, сумок, шорно-седельных изделий из кожи; выделка и крашение меха",15.1,2025.0,24869.0
Производство обуви,15.2,2017.0,48224.0
Производство обуви,15.2,2018.0,54669.0
Производство обуви,15.2,2019.0,53148.0
Производство обуви,15.2,2020.0,58568.0
Производство обуви,15.2,2021.0,66581.0
Производство обуви,15.2,2022.0,81403.0
Производство обуви,15.2,2023.0,109787.0
Производство обуви,15.2,2024.0,110675.0
Производство обуви,15.2,2025.0,108436.0
"Обработка древесины и производство изделий из дерева и пробки, кроме мебели, производство изделий из соломки и материалов для плетения",16,2017.0,548647.0
"Обработка древесины и производство изделий из дерева и пробки, кроме мебели, производство изделий из соломки и материалов для плетения",16,2018.0,673289.0
"Обработка древесины и производство изделий из дерева и пробки, кроме мебели, производство изделий из соломки и материалов для плетения",16,2019.0,714280.0
"Обработка древесины и производство изделий из дерева и пробки, кроме мебели, производство изделий из соломки и материалов для плетения",16,2020.0,821651.0
"Обработка древесины и производство изделий из дерева и пробки, кроме мебели, производство изделий из соломки и материалов для плетения",16,2021.0,1118982.0
"Обработка древесины и производство изделий из дерева и пробки, кроме мебели, производство изделий из соломки и материалов для плетения",16,2022.0,958637.0
"Обработка древесины и производство изделий из дерева и пробки, кроме мебели, производство изделий из соломки и материалов для плетения",16,2023.0,920291.0
"Обработка древесины и производство изделий из дерева и пробки, кроме мебели, производство изделий из соломки и материалов для плетения",16,2024.0,1106397.0
"Обработка древесины и производство изделий из дерева и пробки, кроме мебели, производство изделий из соломки и материалов для плетения",16,2025.0,1045443.0
Распиловка и строгание древесины,16.1,2017.0,222617.0
Распиловка и строгание древесины,16.1,2018.0,262933.0
Распиловка и строгание древесины,16.1,2019.0,285933.0
Распиловка и строгание древесины,16.1,2020.0,344242.0
Распиловка и строгание древесины,16.1,2021.0,438802.0
Распиловка и строгание древесины,16.1,2022.0,380077.0
Распиловка и строгание древесины,16.1,2023.0,361207.0
Распиловка и строгание древесины,16.1,2024.0,419729.0
Распиловка и строгание древесины,16.1,2025.0,392392.0
"Производство изделий из дерева, пробки, соломки и материалов для плетения",16.2,2017.0,326030.0
"Производство изделий из дерева, пробки, соломки и материалов для плетения",16.2,2018.0,410356.0
"Производство изделий из дерева, пробки, соломки и материалов для плетения",16.2,2019.0,428347.0
"Производство изделий из дерева, пробки, соломки и материалов для плетения",16.2,2020.0,477409.0
"Производство изделий из дерева, пробки, соломки и материалов для плетения",16.2,2021.0,680180.0
"Производство изделий из дерева, пробки, соломки и материалов для плетения",16.2,2022.0,578560.0
"Производство изделий из дерева, пробки, соломки и материалов для плетения",16.2,2023.0,559085.0
"Производство изделий из дерева, пробки, соломки и материалов для плетения",16.2,2024.0,686668.0
"Производство изделий из дерева, пробки, соломки и материалов для плетения",16.2,2025.0,653050.0
Производство бумаги и бумажных изделий,17,2017.0,768108.0
Производство бумаги и бумажных изделий,17,2018.0,921692.0
Производство бумаги и бумажных изделий,17,2019.0,930993.0
Производство бумаги и бумажных изделий,17,2020.0,982004.0
Производство бумаги и бумажных изделий,17,2021.0,1303079.0
Производство бумаги и бумажных изделий,17,2022.0,1356281.0
Производство бумаги и бумажных изделий,17,2023.0,1401584.0
Производство бумаги и бумажных изделий,17,2024.0,1651618.0
Производство бумаги и бумажных изделий,17,2025.0,1611747.0
"Производство целлюлозы, древесной массы, бумаги и картона",17.1,2017.0,344737.0
"Производство целлюлозы, древесной массы, бумаги и картона",17.1,2018.0,446310.0
"Производство целлюлозы, древесной массы, бумаги и картона",17.1,2019.0,408068.0
"Производство целлюлозы, древесной массы, бумаги и картона",17.1,2020.0,400755.0
"Производство целлюлозы, древесной массы, бумаги и картона",17.1,2021.0,587434.0
"Производство целлюлозы, древесной массы, бумаги и картона",17.1,2022.0,598404.0
"Производство целлюлозы, древесной массы, бумаги и картона",17.1,2023.0,574996.0
"Производство целлюлозы, древесной массы, бумаги и картона",17.1,2024.0,698376.0
"Производство целлюлозы, древесной массы, бумаги и картона",17.1,2025.0,654840.0
Производство изделий из бумаги и картона,17.2,2017.0,423371.0
Производство изделий из бумаги и картона,17.2,2018.0,475382.0
Производство изделий из бумаги и картона,17.2,2019.0,522925.0
Производство изделий из бумаги и картона,17.2,2020.0,581249.0
Производство изделий из бумаги и картона,17.2,2021.0,715645.0
Производство изделий из бумаги и картона,17.2,2022.0,757877.0
Производство изделий из бумаги и картона,17.2,2023.0,826588.0
Производство изделий из бумаги и картона,17.2,2024.0,953242.0
Производство изделий из бумаги и картона,17.2,2025.0,956909.0
Деятельность полиграфическая и копирование носителей информации,18,2017.0,255932.0
Деятельность полиграфическая и копирование носителей информации,18,2018.0,263451.0
Деятельность полиграфическая и копирование носителей информации,18,2019.0,283756.0
Деятельность полиграфическая и копирование носителей информации,18,2020.0,320085.0
Деятельность полиграфическая и копирование носителей информации,18,2021.0,312234.0
Деятельность полиграфическая и копирование носителей информации,18,2022.0,378866.0
Деятельность полиграфическая и копирование носителей информации,18,2023.0,423425.0
Деятельность полиграфическая и копирование носителей информации,18,2024.0,439121.0
Деятельность полиграфическая и копирование носителей информации,18,2025.0,401917.0
Деятельность полиграфическая и предоставление услуг в этой области,18.1,2017.0,253772.0
Деятельность полиграфическая и предоставление услуг в этой области,18.1,2018.0,260940.0
Деятельность полиграфическая и предоставление услуг в этой области,18.1,2019.0,273778.0
Деятельность полиграфическая и предоставление услуг в этой области,18.1,2020.0,318002.0
Деятельность полиграфическая и предоставление услуг в этой области,18.1,2021.0,311561.0
Деятельность полиграфическая и предоставление услуг в этой области,18.1,2022.0,377003.0
Деятельность полиграфическая и предоставление услуг в этой области,18.1,2023.0,422858.0
Деятельность полиграфическая и предоставление услуг в этой области,18.1,2024.0,438684.0
Деятельность полиграфическая и предоставление услуг в этой области,18.1,2025.0,401595.0
Копирование записанных носителей информации,18.2,2017.0,2160.0
Копирование записанных носителей информации,18.2,2018.0,2511.0
Копирование записанных носителей информации,18.2,2019.0,9979.0
Копирование записанных носителей информации,18.2,2020.0,2083.0
Копирование записанных носителей информации,18.2,2021.0,672.0
Копирование записанных носителей информации,18.2,2022.0,1864.0
Копирование записанных носителей информации,18.2,2023.0,567.0
Копирование записанных носителей информации,18.2,2024.0,437.0
Копирование записанных носителей информации,18.2,2025.0,322.0
Производство кокса и нефтепродуктов,19,2017.0,8202805.0
Производство кокса и нефтепродуктов,19,2018.0,10397415.0
Производство кокса и нефтепродуктов,19,2019.0,10253619.0
Производство кокса и нефтепродуктов,19,2020.0,8488264.0
Производство кокса и нефтепродуктов,19,2021.0,12457630.0
Производство кокса и нефтепродуктов,19,2022.0,13748512.0
Производство кокса и нефтепродуктов,19,2023.0,14212932.0
Производство кокса и нефтепродуктов,19,2024.0,15751246.0
Производство кокса и нефтепродуктов,19,2025.0,13584242.0
Производство кокса,19.1,2017.0,167405.0
Производство кокса,19.1,2018.0,172791.0
Производство кокса,19.1,2019.0,163198.0
Производство кокса,19.1,2020.0,143312.0
Производство кокса,19.1,2021.0,318465.0
Производство кокса,19.1,2022.0,267945.0
Производство кокса,19.1,2023.0,241210.0
Производство кокса,19.1,2024.0,267584.0
Производство кокса,19.1,2025.0,186498.0
Производство нефтепродуктов,19.2,2017.0,8035312.0
Производство нефтепродуктов,19.2,2018.0,10224199.0
Производство нефтепродуктов,19.2,2019.0,10089667.0
Производство нефтепродуктов,19.2,2020.0,8343738.0
Производство нефтепродуктов,19.2,2021.0,12137929.0
Производство нефтепродуктов,19.2,2022.0,13477792.0
Производство нефтепродуктов,19.2,2023.0,13968261.0
Производство нефтепродуктов,19.2,2024.0,15480453.0
Производство нефтепродуктов,19.2,2025.0,13394838.0
"Агломерация угля, антрацита и бурого угля (лигнита) и производство термоуглей",19.3,2017.0,88.1
"Агломерация угля, антрацита и бурого угля (лигнита) и производство термоуглей",19.3,2018.0,425.0
"Агломерация угля, антрацита и бурого угля (лигнита) и производство термоуглей",19.3,2019.0,754.0
"Агломерация угля, антрацита и бурого угля (лигнита) и производство термоуглей",19.3,2020.0,1215.0
"Агломерация угля, антрацита и бурого угля (лигнита) и производство термоуглей",19.3,2021.0,1236.0
"Агломерация угля, антрацита и бурого угля (лигнита) и производство термоуглей",19.3,2022.0,2776.0
"Агломерация угля, антрацита и бурого угля (лигнита) и производство термоуглей",19.3,2023.0,3461.0
"Агломерация угля, антрацита и бурого угля (лигнита) и производство термоуглей",19.3,2024.0,3209.0
"Агломерация угля, антрацита и бурого угля (лигнита) и производство термоуглей",19.3,2025.0,2903.0
Производство химических веществ и химических продуктов,20,2017.0,2742593.0
Производство химических веществ и химических продуктов,20,2018.0,3265833.0
Производство химических веществ и химических продуктов,20,2019.0,3280446.0
Производство химических веществ и химических продуктов,20,2020.0,3535705.0
Производство химических веществ и химических продуктов,20,2021.0,5263682.0
Производство химических веществ и химических продуктов,20,2022.0,5962482.0
Производство химических веществ и химических продуктов,20,2023.0,5752889.0
Производство химических веществ и химических продуктов,20,2024.0,6476849.0
Производство химических веществ и химических продуктов,20,2025.0,6630429.0
"Производство основных химических веществ, удобрений и азотных соединений, пластмасс и синтетического каучука в первичных формах",20.1,2017.0,2041349.0
"Производство основных химических веществ, удобрений и азотных соединений, пластмасс и синтетического каучука в первичных формах",20.1,2018.0,2493248.0
"Производство основных химических веществ, удобрений и азотных соединений, пластмасс и синтетического каучука в первичных формах",20.1,2019.0,2487144.0
"Производство основных химических веществ, удобрений и азотных соединений, пластмасс и синтетического каучука в первичных формах",20.1,2020.0,2578850.0
"Производство основных химических веществ, удобрений и азотных соединений, пластмасс и синтетического каучука в первичных формах",20.1,2021.0,4201597.0
"Производство основных химических веществ, удобрений и азотных соединений, пластмасс и синтетического каучука в первичных формах",20.1,2022.0,4635802.0
"Производство основных химических веществ, удобрений и азотных соединений, пластмасс и синтетического каучука в первичных формах",20.1,2023.0,4127546.0
"Производство основных химических веществ, удобрений и азотных соединений, пластмасс и синтетического каучука в первичных формах",20.1,2024.0,4649505.0
"Производство основных химических веществ, удобрений и азотных соединений, пластмасс и синтетического каучука в первичных формах",20.1,2025.0,4672046.0
Производство пестицидов и прочих агрохимических продуктов,20.2,2017.0,41820.0
Производство пестицидов и прочих агрохимических продуктов,20.2,2018.0,45534.0
Производство пестицидов и прочих агрохимических продуктов,20.2,2019.0,48139.0
Производство пестицидов и прочих агрохимических продуктов,20.2,2020.0,71958.0
Производство пестицидов и прочих агрохимических продуктов,20.2,2021.0,76470.0
Производство пестицидов и прочих агрохимических продуктов,20.2,2022.0,110065.0
Производство пестицидов и прочих агрохимических продуктов,20.2,2023.0,111384.0
Производство пестицидов и прочих агрохимических продуктов,20.2,2024.0,116939.0
Производство пестицидов и прочих агрохимических продуктов,20.2,2025.0,126818.0
"Производство красок, лаков и аналогичных материалов для нанесения покрытий, полиграфических красок и мастик",20.3,2017.0,116432.0
"Производство красок, лаков и аналогичных материалов для нанесения покрытий, полиграфических красок и мастик",20.3,2018.0,128314.0
"Производство красок, лаков и аналогичных материалов для нанесения покрытий, полиграфических красок и мастик",20.3,2019.0,140602.0
"Производство красок, лаков и аналогичных материалов для нанесения покрытий, полиграфических красок и мастик",20.3,2020.0,181862.0
"Производство красок, лаков и аналогичных материалов для нанесения покрытий, полиграфических красок и мастик",20.3,2021.0,202021.0
"Производство красок, лаков и аналогичных материалов для нанесения покрытий, полиграфических красок и мастик",20.3,2022.0,241755.0
"Производство красок, лаков и аналогичных материалов для нанесения покрытий, полиграфических красок и мастик",20.3,2023.0,321394.0
"Производство красок, лаков и аналогичных материалов для нанесения покрытий, полиграфических красок и мастик",20.3,2024.0,355772.0
"Производство красок, лаков и аналогичных материалов для нанесения покрытий, полиграфических красок и мастик",20.3,2025.0,363799.0
"Производство мыла и моющих, чистящих и полирующих средств; парфюмерных и косметических средств",20.4,2017.0,281337.0
"Производство мыла и моющих, чистящих и полирующих средств; парфюмерных и косметических средств",20.4,2018.0,305772.0
"Производство мыла и моющих, чистящих и полирующих средств; парфюмерных и косметических средств",20.4,2019.0,322587.0
"Производство мыла и моющих, чистящих и полирующих средств; парфюмерных и косметических средств",20.4,2020.0,391822.0
"Производство мыла и моющих, чистящих и полирующих средств; парфюмерных и косметических средств",20.4,2021.0,403516.0
"Производство мыла и моющих, чистящих и полирующих средств; парфюмерных и косметических средств",20.4,2022.0,495346.0
"Производство мыла и моющих, чистящих и полирующих средств; парфюмерных и косметических средств",20.4,2023.0,598746.0
"Производство мыла и моющих, чистящих и полирующих средств; парфюмерных и косметических средств",20.4,2024.0,645806.0
"Производство мыла и моющих, чистящих и полирующих средств; парфюмерных и косметических средств",20.4,2025.0,720854.0
Производство прочих химических продуктов,20.5,2017.0,239352.0
Производство прочих химических продуктов,20.5,2018.0,268766.0
Производство прочих химических продуктов,20.5,2019.0,258740.0
Производство прочих химических продуктов,20.5,2020.0,286165.0
Производство прочих химических продуктов,20.5,2021.0,351308.0
Производство прочих химических продуктов,20.5,2022.0,444865.0
Производство прочих химических продуктов,20.5,2023.0,554815.0
Производство прочих химических продуктов,20.5,2024.0,669220.0
Производство прочих химических продуктов,20.5,2025.0,705196.0
Производство химических волокон,20.6,2017.0,22303.0
Производство химических волокон,20.6,2018.0,24199.0
Производство химических волокон,20.6,2019.0,23233.0
Производство химических волокон,20.6,2020.0,25049.0
Производство химических волокон,20.6,2021.0,28770.0
Производство химических волокон,20.6,2022.0,34649.0
Производство химических волокон,20.6,2023.0,39004.0
Производство химических волокон,20.6,2024.0,39608.0
Производство химических волокон,20.6,2025.0,41711.0
"Производство лекарственных средств и материалов, применяемых в медицинских целях и ветеринарии",21,2017.0,500372.0
"Производство лекарственных средств и материалов, применяемых в медицинских целях и ветеринарии",21,2018.0,557798.0
"Производство лекарственных средств и материалов, применяемых в медицинских целях и ветеринарии",21,2019.0,638767.0
"Производство лекарственных средств и материалов, применяемых в медицинских целях и ветеринарии",21,2020.0,929243.0
"Производство лекарственных средств и материалов, применяемых в медицинских целях и ветеринарии",21,2021.0,1355388.0
"Производство лекарственных средств и материалов, применяемых в медицинских целях и ветеринарии",21,2022.0,1103930.0
"Производство лекарственных средств и материалов, применяемых в медицинских целях и ветеринарии",21,2023.0,1179199.0
"Производство лекарственных средств и материалов, применяемых в медицинских целях и ветеринарии",21,2024.0,1368961.0
"Производство лекарственных средств и материалов, применяемых в медицинских целях и ветеринарии",21,2025.0,1614694.0
Производство фармацевтических субстанций,21.1,2017.0,31306.0
Производство фармацевтических субстанций,21.1,2018.0,23734.0
Производство фармацевтических субстанций,21.1,2019.0,32076.0
Производство фармацевтических субстанций,21.1,2020.0,55985.0
Производство фармацевтических субстанций,21.1,2021.0,67295.0
Производство фармацевтических субстанций,21.1,2022.0,64628.0
Производство фармацевтических субстанций,21.1,2023.0,45919.0
Производство фармацевтических субстанций,21.1,2024.0,48594.0
Производство фармацевтических субстанций,21.1,2025.0,60028.0
"Производство лекарственных препаратов и материалов, применяемых в медицинских целях и ветеринарии",21.2,2017.0,469065.0
"Производство лекарственных препаратов и материалов, применяемых в медицинских целях и ветеринарии",21.2,2018.0,534063.0
"Производство лекарственных препаратов и материалов, применяемых в медицинских целях и ветеринарии",21.2,2019.0,606691.0
"Производство лекарственных препаратов и материалов, применяемых в медицинских целях и ветеринарии",21.2,2020.0,873258.0
"Производство лекарственных препаратов и материалов, применяемых в медицинских целях и ветеринарии",21.2,2021.0,1288093.0
"Производство лекарственных препаратов и материалов, применяемых в медицинских целях и ветеринарии",21.2,2022.0,1039302.0
"Производство лекарственных препаратов и материалов, применяемых в медицинских целях и ветеринарии",21.2,2023.0,1133280.0
"Производство лекарственных препаратов и материалов, применяемых в медицинских целях и ветеринарии",21.2,2024.0,1320366.0
"Производство лекарственных препаратов и материалов, применяемых в медицинских целях и ветеринарии",21.2,2025.0,1554664.0
Производство резиновых и пластмассовых изделий,22,2017.0,1019690.0
Производство резиновых и пластмассовых изделий,22,2018.0,1160523.0
Производство резиновых и пластмассовых изделий,22,2019.0,1218553.0
Производство резиновых и пластмассовых изделий,22,2020.0,1534341.0
Производство резиновых и пластмассовых изделий,22,2021.0,1809938.0
Производство резиновых и пластмассовых изделий,22,2022.0,2011660.0
Производство резиновых и пластмассовых изделий,22,2023.0,2249773.0
Производство резиновых и пластмассовых изделий,22,2024.0,2588410.0
Производство резиновых и пластмассовых изделий,22,2025.0,2516003.0
Производство резиновых изделий,22.1,2017.0,209607.0
Производство резиновых изделий,22.1,2018.0,237095.0
Производство резиновых изделий,22.1,2019.0,230065.0
Производство резиновых изделий,22.1,2020.0,260569.0
Производство резиновых изделий,22.1,2021.0,315557.0
Производство резиновых изделий,22.1,2022.0,348383.0
Производство резиновых изделий,22.1,2023.0,398359.0
Производство резиновых изделий,22.1,2024.0,443222.0
Производство резиновых изделий,22.1,2025.0,386019.0
Производство изделий из пластмасс,22.2,2017.0,810083.0
Производство изделий из пластмасс,22.2,2018.0,923428.0
Производство изделий из пластмасс,22.2,2019.0,988488.0
Производство изделий из пластмасс,22.2,2020.0,1273771.0
Производство изделий из пластмасс,22.2,2021.0,1494382.0
Производство изделий из пластмасс,22.2,2022.0,1663277.0
Производство изделий из пластмасс,22.2,2023.0,1851414.0
Производство изделий из пластмасс,22.2,2024.0,2145188.0
Производство изделий из пластмасс,22.2,2025.0,2129984.0
Производство прочей неметаллической минеральной продукции,23,2017.0,1443785.0
Производство прочей неметаллической минеральной продукции,23,2018.0,1602972.0
Производство прочей неметаллической минеральной продукции,23,2019.0,1752046.0
Производство прочей неметаллической минеральной продукции,23,2020.0,1907339.0
Производство прочей неметаллической минеральной продукции,23,2021.0,2096262.0
Производство прочей неметаллической минеральной продукции,23,2022.0,2587306.0
Производство прочей неметаллической минеральной продукции,23,2023.0,2920665.0
Производство прочей неметаллической минеральной продукции,23,2024.0,3402170.0
Производство прочей неметаллической минеральной продукции,23,2025.0,3164976.0
Производство стекла и изделий из стекла,23.1,2017.0,206035.0
Производство стекла и изделий из стекла,23.1,2018.0,231123.0
Производство стекла и изделий из стекла,23.1,2019.0,231275.0
Производство стекла и изделий из стекла,23.1,2020.0,261332.0
Производство стекла и изделий из стекла,23.1,2021.0,316569.0
Производство стекла и изделий из стекла,23.1,2022.0,322775.0
Производство стекла и изделий из стекла,23.1,2023.0,370645.0
Производство стекла и изделий из стекла,23.1,2024.0,436187.0
Производство стекла и изделий из стекла,23.1,2025.0,445694.0
Производство огнеупорных изделий,23.2,2017.0,68164.0
Производство огнеупорных изделий,23.2,2018.0,72888.0
Производство огнеупорных изделий,23.2,2019.0,80771.0
Производство огнеупорных изделий,23.2,2020.0,76443.0
Производство огнеупорных изделий,23.2,2021.0,77651.0
Производство огнеупорных изделий,23.2,2022.0,105011.0
Производство огнеупорных изделий,23.2,2023.0,108890.0
Производство огнеупорных изделий,23.2,2024.0,122120.0
Производство огнеупорных изделий,23.2,2025.0,109072.0
Производство строительных керамических материалов,23.3,2017.0,99025.0
Производство строительных керамических материалов,23.3,2018.0,104430.0
Производство строительных керамических материалов,23.3,2019.0,112590.0
Производство строительных керамических материалов,23.3,2020.0,114300.0
Производство строительных керамических материалов,23.3,2021.0,133937.0
Производство строительных керамических материалов,23.3,2022.0,160257.0
Производство строительных керамических материалов,23.3,2023.0,171230.0
Производство строительных керамических материалов,23.3,2024.0,182405.0
Производство строительных керамических материалов,23.3,2025.0,168973.0
Производство прочих фарфоровых и керамических изделий,23.4,2017.0,33850.0
Производство прочих фарфоровых и керамических изделий,23.4,2018.0,39184.0
Производство прочих фарфоровых и керамических изделий,23.4,2019.0,31970.0
Производство прочих фарфоровых и керамических изделий,23.4,2020.0,34005.0
Производство прочих фарфоровых и керамических изделий,23.4,2021.0,38635.0
Производство прочих фарфоровых и керамических изделий,23.4,2022.0,44992.0
Производство прочих фарфоровых и керамических изделий,23.4,2023.0,49224.0
Производство прочих фарфоровых и керамических изделий,23.4,2024.0,50012.0
Производство прочих фарфоровых и керамических изделий,23.4,2025.0,47606.0
"Производство цемента, извести и гипса",23.5,2017.0,232242.0
"Производство цемента, извести и гипса",23.5,2018.0,236209.0
"Производство цемента, извести и гипса",23.5,2019.0,260879.0
"Производство цемента, извести и гипса",23.5,2020.0,258892.0
"Производство цемента, извести и гипса",23.5,2021.0,295502.0
"Производство цемента, извести и гипса",23.5,2022.0,365989.0
"Производство цемента, извести и гипса",23.5,2023.0,435838.0
"Производство цемента, извести и гипса",23.5,2024.0,503878.0
"Производство цемента, извести и гипса",23.5,2025.0,485263.0
"Производство изделий из бетона, цемента и гипса",23.6,2017.0,538472.0
"Производство изделий из бетона, цемента и гипса",23.6,2018.0,579479.0
"Производство изделий из бетона, цемента и гипса",23.6,2019.0,650429.0
"Производство изделий из бетона, цемента и гипса",23.6,2020.0,757985.0
"Производство изделий из бетона, цемента и гипса",23.6,2021.0,781247.0
"Производство изделий из бетона, цемента и гипса",23.6,2022.0,1015214.0
"Производство изделий из бетона, цемента и гипса",23.6,2023.0,1152880.0
"Производство изделий из бетона, цемента и гипса",23.6,2024.0,1365095.0
"Производство изделий из бетона, цемента и гипса",23.6,2025.0,1228114.0
"Резка, обработка и отделка камня",23.7,2017.0,29072.0
"Резка, обработка и отделка камня",23.7,2018.0,32335.0
"Резка, обработка и отделка камня",23.7,2019.0,34287.0
"Резка, обработка и отделка камня",23.7,2020.0,39735.0
"Резка, обработка и отделка камня",23.7,2021.0,31651.0
"Резка, обработка и отделка камня",23.7,2022.0,50176.0
"Резка, обработка и отделка камня",23.7,2023.0,64040.0
"Резка, обработка и отделка камня",23.7,2024.0,79610.0
"Резка, обработка и отделка камня",23.7,2025.0,76179.0
"Производство абразивных и неметаллических минеральных изделий, не включенных в другие группировки",23.9,2017.0,236926.0
"Производство абразивных и неметаллических минеральных изделий, не включенных в другие группировки",23.9,2018.0,307323.0
"Производство абразивных и неметаллических минеральных изделий, не включенных в другие группировки",23.9,2019.0,349848.0
"Производство абразивных и неметаллических минеральных изделий, не включенных в другие группировки",23.9,2020.0,364647.0
"Производство абразивных и неметаллических минеральных изделий, не включенных в другие группировки",23.9,2021.0,421070.0
"Производство абразивных и неметаллических минеральных изделий, не включенных в другие группировки",23.9,2022.0,522892.0
"Производство абразивных и неметаллических минеральных изделий, не включенных в другие группировки",23.9,2023.0,567918.0
"Производство абразивных и неметаллических минеральных изделий, не включенных в другие группировки",23.9,2024.0,662863.0
"Производство абразивных и неметаллических минеральных изделий, не включенных в другие группировки",23.9,2025.0,604071.0
Производство металлургическое,24,2017.0,5165508.0
Производство металлургическое,24,2018.0,6099609.0
Производство металлургическое,24,2019.0,7087416.0
Производство металлургическое,24,2020.0,7877548.0
Производство металлургическое,24,2021.0,10722295.0
Производство металлургическое,24,2022.0,10551310.0
Производство металлургическое,24,2023.0,11482510.0
Производство металлургическое,24,2024.0,12411563.0
Производство металлургическое,24,2025.0,12057123.0
"Производство чугуна, стали и ферросплавов",24.1,2017.0,2304628.0
"Производство чугуна, стали и ферросплавов",24.1,2018.0,2836899.0
"Производство чугуна, стали и ферросплавов",24.1,2019.0,2702111.0
"Производство чугуна, стали и ферросплавов",24.1,2020.0,2731276.0
"Производство чугуна, стали и ферросплавов",24.1,2021.0,4658304.0
"Производство чугуна, стали и ферросплавов",24.1,2022.0,4079133.0
"Производство чугуна, стали и ферросплавов",24.1,2023.0,4318859.0
"Производство чугуна, стали и ферросплавов",24.1,2024.0,4387084.0
"Производство чугуна, стали и ферросплавов",24.1,2025.0,3575571.0
"Производство стальных труб, полых профилей и фитингов",24.2,2017.0,617172.0
"Производство стальных труб, полых профилей и фитингов",24.2,2018.0,704871.0
"Производство стальных труб, полых профилей и фитингов",24.2,2019.0,719599.0
"Производство стальных труб, полых профилей и фитингов",24.2,2020.0,613469.0
"Производство стальных труб, полых профилей и фитингов",24.2,2021.0,808425.0
"Производство стальных труб, полых профилей и фитингов",24.2,2022.0,1053328.0
"Производство стальных труб, полых профилей и фитингов",24.2,2023.0,1110233.0
"Производство стальных труб, полых профилей и фитингов",24.2,2024.0,1050204.0
"Производство стальных труб, полых профилей и фитингов",24.2,2025.0,836683.0
Производство прочих стальных изделий первичной обработкой,24.3,2017.0,194577.0
Производство прочих стальных изделий первичной обработкой,24.3,2018.0,226893.0
Производство прочих стальных изделий первичной обработкой,24.3,2019.0,239921.0
Производство прочих стальных изделий первичной обработкой,24.3,2020.0,265333.0
Производство прочих стальных изделий первичной обработкой,24.3,2021.0,399007.0
Производство прочих стальных изделий первичной обработкой,24.3,2022.0,354974.0
Производство прочих стальных изделий первичной обработкой,24.3,2023.0,400065.0
Производство прочих стальных изделий первичной обработкой,24.3,2024.0,484320.0
Производство прочих стальных изделий первичной обработкой,24.3,2025.0,409047.0
"Производство основных драгоценных металлов и прочих цветных металлов, производство ядерного топлива",24.4,2017.0,1975028.0
"Производство основных драгоценных металлов и прочих цветных металлов, производство ядерного топлива",24.4,2018.0,2246405.0
"Производство основных драгоценных металлов и прочих цветных металлов, производство ядерного топлива",24.4,2019.0,3339206.0
"Производство основных драгоценных металлов и прочих цветных металлов, производство ядерного топлива",24.4,2020.0,4182417.0
"Производство основных драгоценных металлов и прочих цветных металлов, производство ядерного топлива",24.4,2021.0,4755729.0
"Производство основных драгоценных металлов и прочих цветных металлов, производство ядерного топлива",24.4,2022.0,4931352.0
"Производство основных драгоценных металлов и прочих цветных металлов, производство ядерного топлива",24.4,2023.0,5499974.0
"Производство основных драгоценных металлов и прочих цветных металлов, производство ядерного топлива",24.4,2024.0,6297074.0
"Производство основных драгоценных металлов и прочих цветных металлов, производство ядерного топлива",24.4,2025.0,7079813.0
Литье металлов,24.5,2017.0,74103.0
Литье металлов,24.5,2018.0,84541.0
Литье металлов,24.5,2019.0,86580.0
Литье металлов,24.5,2020.0,85053.0
Литье металлов,24.5,2021.0,100829.0
Литье металлов,24.5,2022.0,132522.0
Литье металлов,24.5,2023.0,153379.0
Литье металлов,24.5,2024.0,192881.0
Литье металлов,24.5,2025.0,156011.0
"Производство готовых металлических изделий, кроме машин и оборудования",25,2017.0,2296135.0
"Производство готовых металлических изделий, кроме машин и оборудования",25,2018.0,2449547.0
"Производство готовых металлических изделий, кроме машин и оборудования",25,2019.0,2713221.0
"Производство готовых металлических изделий, кроме машин и оборудования",25,2020.0,3136423.0
"Производство готовых металлических изделий, кроме машин и оборудования",25,2021.0,3468302.0
"Производство готовых металлических изделий, кроме машин и оборудования",25,2022.0,3952913.0
"Производство готовых металлических изделий, кроме машин и оборудования",25,2023.0,5179918.0
"Производство готовых металлических изделий, кроме машин и оборудования",25,2024.0,6960539.0
"Производство готовых металлических изделий, кроме машин и оборудования",25,2025.0,7754255.0
"Производство готовых металлических изделий, не включенных в другие группировки",25.04.АГ,2017.0,1236843.0
"Производство готовых металлических изделий, не включенных в другие группировки",25.04.АГ,2018.0,1274292.0
"Производство готовых металлических изделий, не включенных в другие группировки",25.04.АГ,2019.0,1486477.0
"Производство готовых металлических изделий, не включенных в другие группировки",25.04.АГ,2020.0,1587543.0
"Производство готовых металлических изделий, не включенных в другие группировки",25.04.АГ,2021.0,1636211.0
"Производство готовых металлических изделий, не включенных в другие группировки",25.04.АГ,2022.0,1879436.0
"Производство готовых металлических изделий, не включенных в другие группировки",25.04.АГ,2023.0,2514998.0
"Производство готовых металлических изделий, не включенных в другие группировки",25.04.АГ,2024.0,3580995.0
"Производство готовых металлических изделий, не включенных в другие группировки",25.04.АГ,2025.0,4558566.0
Производство строительных металлических конструкций и изделий,25.1,2017.0,477181.0
Производство строительных металлических конструкций и изделий,25.1,2018.0,567665.0
Производство строительных металлических конструкций и изделий,25.1,2019.0,551376.0
Производство строительных металлических конструкций и изделий,25.1,2020.0,749342.0
Производство строительных металлических конструкций и изделий,25.1,2021.0,879056.0
Производство строительных металлических конструкций и изделий,25.1,2022.0,1017951.0
Производство строительных металлических конструкций и изделий,25.1,2023.0,1283219.0
Производство строительных металлических конструкций и изделий,25.1,2024.0,1568762.0
Производство строительных металлических конструкций и изделий,25.1,2025.0,1514746.0
"Производство металлических цистерн, резервуаров и прочих емкостей",25.2,2017.0,59693.0
"Производство металлических цистерн, резервуаров и прочих емкостей",25.2,2018.0,64812.0
"Производство металлических цистерн, резервуаров и прочих емкостей",25.2,2019.0,75018.0
"Производство металлических цистерн, резервуаров и прочих емкостей",25.2,2020.0,90960.0
"Производство металлических цистерн, резервуаров и прочих емкостей",25.2,2021.0,107089.0
"Производство металлических цистерн, резервуаров и прочих емкостей",25.2,2022.0,120817.0
"Производство металлических цистерн, резервуаров и прочих емкостей",25.2,2023.0,159487.0
"Производство металлических цистерн, резервуаров и прочих емкостей",25.2,2024.0,190210.0
"Производство металлических цистерн, резервуаров и прочих емкостей",25.2,2025.0,170398.0
"Производство паровых котлов, кроме котлов центрального отопления",25.3,2017.0,84354.0
"Производство паровых котлов, кроме котлов центрального отопления",25.3,2018.0,82224.0
"Производство паровых котлов, кроме котлов центрального отопления",25.3,2019.0,88791.0
"Производство паровых котлов, кроме котлов центрального отопления",25.3,2020.0,88619.0
"Производство паровых котлов, кроме котлов центрального отопления",25.3,2021.0,109839.0
"Производство паровых котлов, кроме котлов центрального отопления",25.3,2022.0,122445.0
"Производство паровых котлов, кроме котлов центрального отопления",25.3,2023.0,153917.0
"Производство паровых котлов, кроме котлов центрального отопления",25.3,2024.0,255184.0
"Производство паровых котлов, кроме котлов центрального отопления",25.3,2025.0,255673.0
"Ковка, прессование, штамповка и профилирование; изготовление изделий методом порошковой металлургии",25.5,2017.0,57478.0
"Ковка, прессование, штамповка и профилирование; изготовление изделий методом порошковой металлургии",25.5,2018.0,69994.0
"Ковка, прессование, штамповка и профилирование; изготовление изделий методом порошковой металлургии",25.5,2019.0,60226.0
"Ковка, прессование, штамповка и профилирование; изготовление изделий методом порошковой металлургии",25.5,2020.0,69483.0
"Ковка, прессование, штамповка и профилирование; изготовление изделий методом порошковой металлургии",25.5,2021.0,93993.0
"Ковка, прессование, штамповка и профилирование; изготовление изделий методом порошковой металлургии",25.5,2022.0,100547.0
"Ковка, прессование, штамповка и профилирование; изготовление изделий методом порошковой металлургии",25.5,2023.0,122643.0
"Ковка, прессование, штамповка и профилирование; изготовление изделий методом порошковой металлургии",25.5,2024.0,140969.0
"Ковка, прессование, штамповка и профилирование; изготовление изделий методом порошковой металлургии",25.5,2025.0,136138.0
Обработка металлов и нанесение покрытий на металлы; механическая обработка металлов,25.6,2017.0,339303.0
Обработка металлов и нанесение покрытий на металлы; механическая обработка металлов,25.6,2018.0,345423.0
Обработка металлов и нанесение покрытий на металлы; механическая обработка металлов,25.6,2019.0,407179.0
Обработка металлов и нанесение покрытий на металлы; механическая обработка металлов,25.6,2020.0,498131.0
Обработка металлов и нанесение покрытий на металлы; механическая обработка металлов,25.6,2021.0,589213.0
Обработка металлов и нанесение покрытий на металлы; механическая обработка металлов,25.6,2022.0,651455.0
Обработка металлов и нанесение покрытий на металлы; механическая обработка металлов,25.6,2023.0,866844.0
Обработка металлов и нанесение покрытий на металлы; механическая обработка металлов,25.6,2024.0,1128841.0
Обработка металлов и нанесение покрытий на металлы; механическая обработка металлов,25.6,2025.0,1023892.0
"Производство ножевых изделий и столовых приборов, инструментов и универсальных скобяных изделий",25.7,2017.0,41282.0
"Производство ножевых изделий и столовых приборов, инструментов и универсальных скобяных изделий",25.7,2018.0,45137.0
"Производство ножевых изделий и столовых приборов, инструментов и универсальных скобяных изделий",25.7,2019.0,44153.0
"Производство ножевых изделий и столовых приборов, инструментов и универсальных скобяных изделий",25.7,2020.0,52347.0
"Производство ножевых изделий и столовых приборов, инструментов и универсальных скобяных изделий",25.7,2021.0,52901.0
"Производство ножевых изделий и столовых приборов, инструментов и универсальных скобяных изделий",25.7,2022.0,60263.0
"Производство ножевых изделий и столовых приборов, инструментов и универсальных скобяных изделий",25.7,2023.0,78810.0
"Производство ножевых изделий и столовых приборов, инструментов и универсальных скобяных изделий",25.7,2024.0,95578.0
"Производство ножевых изделий и столовых приборов, инструментов и универсальных скобяных изделий",25.7,2025.0,94836.0
"Производство компьютеров, электронных и оптических изделий",26,2017.0,1315062.0
"Производство компьютеров, электронных и оптических изделий",26,2018.0,1357134.0
"Производство компьютеров, электронных и оптических изделий",26,2019.0,1519204.0
"Производство компьютеров, электронных и оптических изделий",26,2020.0,1631830.0
"Производство компьютеров, электронных и оптических изделий",26,2021.0,1694447.0
"Производство компьютеров, электронных и оптических изделий",26,2022.0,1954287.0
"Производство компьютеров, электронных и оптических изделий",26,2023.0,2635868.0
"Производство компьютеров, электронных и оптических изделий",26,2024.0,3631943.0
"Производство компьютеров, электронных и оптических изделий",26,2025.0,4081876.0
Производство электрического оборудования,27,2017.0,907045.0
Производство электрического оборудования,27,2018.0,1001513.0
Производство электрического оборудования,27,2019.0,1041579.0
Производство электрического оборудования,27,2020.0,1177820.0
Производство электрического оборудования,27,2021.0,1366354.0
Производство электрического оборудования,27,2022.0,1474694.0
Производство электрического оборудования,27,2023.0,1872516.0
Производство электрического оборудования,27,2024.0,2237440.0
Производство электрического оборудования,27,2025.0,2158509.0
"Производство электродвигателей, генераторов, трансформаторов и распределительных устройств, а также контрольно-измерительной аппаратуры",27.1,2017.0,370887.0
"Производство электродвигателей, генераторов, трансформаторов и распределительных устройств, а также контрольно-измерительной аппаратуры",27.1,2018.0,413689.0
"Производство электродвигателей, генераторов, трансформаторов и распределительных устройств, а также контрольно-измерительной аппаратуры",27.1,2019.0,414886.0
"Производство электродвигателей, генераторов, трансформаторов и распределительных устройств, а также контрольно-измерительной аппаратуры",27.1,2020.0,464011.0
"Производство электродвигателей, генераторов, трансформаторов и распределительных устройств, а также контрольно-измерительной аппаратуры",27.1,2021.0,476148.0
"Производство электродвигателей, генераторов, трансформаторов и распределительных устройств, а также контрольно-измерительной аппаратуры",27.1,2022.0,539674.0
"Производство электродвигателей, генераторов, трансформаторов и распределительных устройств, а также контрольно-измерительной аппаратуры",27.1,2023.0,732478.0
"Производство электродвигателей, генераторов, трансформаторов и распределительных устройств, а также контрольно-измерительной аппаратуры",27.1,2024.0,893118.0
"Производство электродвигателей, генераторов, трансформаторов и распределительных устройств, а также контрольно-измерительной аппаратуры",27.1,2025.0,856570.0
Производство электрических аккумуляторов и аккумуляторных батарей,27.2,2017.0,34728.0
Производство электрических аккумуляторов и аккумуляторных батарей,27.2,2018.0,37389.0
Производство электрических аккумуляторов и аккумуляторных батарей,27.2,2019.0,38198.0
Производство электрических аккумуляторов и аккумуляторных батарей,27.2,2020.0,39653.0
Производство электрических аккумуляторов и аккумуляторных батарей,27.2,2021.0,48524.0
Производство электрических аккумуляторов и аккумуляторных батарей,27.2,2022.0,48805.0
Производство электрических аккумуляторов и аккумуляторных батарей,27.2,2023.0,71276.0
Производство электрических аккумуляторов и аккумуляторных батарей,27.2,2024.0,95073.0
Производство электрических аккумуляторов и аккумуляторных батарей,27.2,2025.0,108988.0
Производство кабелей и кабельной арматуры,27.3,2017.0,231887.0
Производство кабелей и кабельной арматуры,27.3,2018.0,266323.0
Производство кабелей и кабельной арматуры,27.3,2019.0,285603.0
Производство кабелей и кабельной арматуры,27.3,2020.0,306196.0
Производство кабелей и кабельной арматуры,27.3,2021.0,426563.0
Производство кабелей и кабельной арматуры,27.3,2022.0,483766.0
Производство кабелей и кабельной арматуры,27.3,2023.0,567433.0
Производство кабелей и кабельной арматуры,27.3,2024.0,668467.0
Производство кабелей и кабельной арматуры,27.3,2025.0,632043.0
Производство электрических ламп и осветительного оборудования,27.4,2017.0,45428.0
Производство электрических ламп и осветительного оборудования,27.4,2018.0,48655.0
Производство электрических ламп и осветительного оборудования,27.4,2019.0,53722.0
Производство электрических ламп и осветительного оборудования,27.4,2020.0,67505.0
Производство электрических ламп и осветительного оборудования,27.4,2021.0,61110.0
Производство электрических ламп и осветительного оборудования,27.4,2022.0,72796.0
Производство электрических ламп и осветительного оборудования,27.4,2023.0,97318.0
Производство электрических ламп и осветительного оборудования,27.4,2024.0,121145.0
Производство электрических ламп и осветительного оборудования,27.4,2025.0,101137.0
Производство бытовых приборов,27.5,2017.0,112311.0
Производство бытовых приборов,27.5,2018.0,121913.0
Производство бытовых приборов,27.5,2019.0,130192.0
Производство бытовых приборов,27.5,2020.0,147537.0
Производство бытовых приборов,27.5,2021.0,187428.0
Производство бытовых приборов,27.5,2022.0,143107.0
Производство бытовых приборов,27.5,2023.0,145197.0
Производство бытовых приборов,27.5,2024.0,157998.0
Производство бытовых приборов,27.5,2025.0,146961.0
Производство прочего электрического оборудования,27.9,2017.0,111805.0
Производство прочего электрического оборудования,27.9,2018.0,113543.0
Производство прочего электрического оборудования,27.9,2019.0,118978.0
Производство прочего электрического оборудования,27.9,2020.0,152918.0
Производство прочего электрического оборудования,27.9,2021.0,166581.0
Производство прочего электрического оборудования,27.9,2022.0,186546.0
Производство прочего электрического оборудования,27.9,2023.0,258813.0
Производство прочего электрического оборудования,27.9,2024.0,301639.0
Производство прочего электрического оборудования,27.9,2025.0,312811.0
"Производство машин и оборудования, не включенных в другие группировки",28,2017.0,1125420.0
"Производство машин и оборудования, не включенных в другие группировки",28,2018.0,1249276.0
"Производство машин и оборудования, не включенных в другие группировки",28,2019.0,1334048.0
"Производство машин и оборудования, не включенных в другие группировки",28,2020.0,1604709.0
"Производство машин и оборудования, не включенных в другие группировки",28,2021.0,1722129.0
"Производство машин и оборудования, не включенных в другие группировки",28,2022.0,2009750.0
"Производство машин и оборудования, не включенных в другие группировки",28,2023.0,2566002.0
"Производство машин и оборудования, не включенных в другие группировки",28,2024.0,3084873.0
"Производство машин и оборудования, не включенных в другие группировки",28,2025.0,3150521.0
Производство машин и оборудования общего назначения,28.1,2017.0,368126.0
Производство машин и оборудования общего назначения,28.1,2018.0,393318.0
Производство машин и оборудования общего назначения,28.1,2019.0,412457.0
Производство машин и оборудования общего назначения,28.1,2020.0,464940.0
Производство машин и оборудования общего назначения,28.1,2021.0,488708.0
Производство машин и оборудования общего назначения,28.1,2022.0,589794.0
Производство машин и оборудования общего назначения,28.1,2023.0,772704.0
Производство машин и оборудования общего назначения,28.1,2024.0,873411.0
Производство машин и оборудования общего назначения,28.1,2025.0,923803.0
Производство прочих машин и оборудования общего назначения,28.2,2017.0,310585.0
Производство прочих машин и оборудования общего назначения,28.2,2018.0,352861.0
Производство прочих машин и оборудования общего назначения,28.2,2019.0,389500.0
Производство прочих машин и оборудования общего назначения,28.2,2020.0,464531.0
Производство прочих машин и оборудования общего назначения,28.2,2021.0,491001.0
Производство прочих машин и оборудования общего назначения,28.2,2022.0,530095.0
Производство прочих машин и оборудования общего назначения,28.2,2023.0,657488.0
Производство прочих машин и оборудования общего назначения,28.2,2024.0,833772.0
Производство прочих машин и оборудования общего назначения,28.2,2025.0,821694.0
Производство машин и оборудования для сельского и лесного хозяйства,28.3,2017.0,128221.0
Производство машин и оборудования для сельского и лесного хозяйства,28.3,2018.0,123871.0
Производство машин и оборудования для сельского и лесного хозяйства,28.3,2019.0,120793.0
Производство машин и оборудования для сельского и лесного хозяйства,28.3,2020.0,177809.0
Производство машин и оборудования для сельского и лесного хозяйства,28.3,2021.0,247508.0
Производство машин и оборудования для сельского и лесного хозяйства,28.3,2022.0,263201.0
Производство машин и оборудования для сельского и лесного хозяйства,28.3,2023.0,271293.0
Производство машин и оборудования для сельского и лесного хозяйства,28.3,2024.0,249508.0
Производство машин и оборудования для сельского и лесного хозяйства,28.3,2025.0,207153.0
"Производство станков, машин и оборудования для обработки металлов и прочих твердых материалов",28.4,2017.0,22323.0
"Производство станков, машин и оборудования для обработки металлов и прочих твердых материалов",28.4,2018.0,29767.0
"Производство станков, машин и оборудования для обработки металлов и прочих твердых материалов",28.4,2019.0,29658.0
"Производство станков, машин и оборудования для обработки металлов и прочих твердых материалов",28.4,2020.0,39235.0
"Производство станков, машин и оборудования для обработки металлов и прочих твердых материалов",28.4,2021.0,38323.0
"Производство станков, машин и оборудования для обработки металлов и прочих твердых материалов",28.4,2022.0,41435.0
"Производство станков, машин и оборудования для обработки металлов и прочих твердых материалов",28.4,2023.0,62184.0
"Производство станков, машин и оборудования для обработки металлов и прочих твердых материалов",28.4,2024.0,83651.0
"Производство станков, машин и оборудования для обработки металлов и прочих твердых материалов",28.4,2025.0,80681.0
Производство прочих машин специального назначения,28.9,2017.0,296166.0
Производство прочих машин специального назначения,28.9,2018.0,349459.0
Производство прочих машин специального назначения,28.9,2019.0,381641.0
Производство прочих машин специального назначения,28.9,2020.0,458194.0
Производство прочих машин специального назначения,28.9,2021.0,456588.0
Производство прочих машин специального назначения,28.9,2022.0,585224.0
Производство прочих машин специального назначения,28.9,2023.0,802334.0
Производство прочих машин специального назначения,28.9,2024.0,1044531.0
Производство прочих машин специального назначения,28.9,2025.0,1117188.0
"Производство автотранспортных средств, прицепов и полуприцепов",29,2017.0,2126154.0
"Производство автотранспортных средств, прицепов и полуприцепов",29,2018.0,2549635.0
"Производство автотранспортных средств, прицепов и полуприцепов",29,2019.0,2710318.0
"Производство автотранспортных средств, прицепов и полуприцепов",29,2020.0,2610467.0
"Производство автотранспортных средств, прицепов и полуприцепов",29,2021.0,3235233.0
"Производство автотранспортных средств, прицепов и полуприцепов",29,2022.0,1931438.0
"Производство автотранспортных средств, прицепов и полуприцепов",29,2023.0,2429196.0
"Производство автотранспортных средств, прицепов и полуприцепов",29,2024.0,3301686.0
"Производство автотранспортных средств, прицепов и полуприцепов",29,2025.0,2844311.0
Производство автотранспортных средств,29.1,2017.0,1627493.0
Производство автотранспортных средств,29.1,2018.0,1979682.0
Производство автотранспортных средств,29.1,2019.0,2057888.0
Производство автотранспортных средств,29.1,2020.0,1974236.0
Производство автотранспортных средств,29.1,2021.0,2437627.0
Производство автотранспортных средств,29.1,2022.0,1323699.0
Производство автотранспортных средств,29.1,2023.0,1595320.0
Производство автотранспортных средств,29.1,2024.0,2219169.0
Производство автотранспортных средств,29.1,2025.0,2006502.0
Производство кузовов для автотранспортных средств; производство прицепов и полуприцепов,29.2,2017.0,67673.0
Производство кузовов для автотранспортных средств; производство прицепов и полуприцепов,29.2,2018.0,81183.0
Производство кузовов для автотранспортных средств; производство прицепов и полуприцепов,29.2,2019.0,82949.0
Производство кузовов для автотранспортных средств; производство прицепов и полуприцепов,29.2,2020.0,96006.0
Производство кузовов для автотранспортных средств; производство прицепов и полуприцепов,29.2,2021.0,123291.0
Производство кузовов для автотранспортных средств; производство прицепов и полуприцепов,29.2,2022.0,135754.0
Производство кузовов для автотранспортных средств; производство прицепов и полуприцепов,29.2,2023.0,214155.0
Производство кузовов для автотранспортных средств; производство прицепов и полуприцепов,29.2,2024.0,262144.0
Производство кузовов для автотранспортных средств; производство прицепов и полуприцепов,29.2,2025.0,166622.0
Производство комплектующих и принадлежностей для автотранспортных средств,29.3,2017.0,430988.0
Производство комплектующих и принадлежностей для автотранспортных средств,29.3,2018.0,488771.0
Производство комплектующих и принадлежностей для автотранспортных средств,29.3,2019.0,569480.0
Производство комплектующих и принадлежностей для автотранспортных средств,29.3,2020.0,540225.0
Производство комплектующих и принадлежностей для автотранспортных средств,29.3,2021.0,674314.0
Производство комплектующих и принадлежностей для автотранспортных средств,29.3,2022.0,471984.0
Производство комплектующих и принадлежностей для автотранспортных средств,29.3,2023.0,619722.0
Производство комплектующих и принадлежностей для автотранспортных средств,29.3,2024.0,820373.0
Производство комплектующих и принадлежностей для автотранспортных средств,29.3,2025.0,671188.0
Производство прочих транспортных средств и оборудования,30,2017.0,2027117.0
Производство прочих транспортных средств и оборудования,30,2018.0,2163141.0
Производство прочих транспортных средств и оборудования,30,2019.0,2277119.0
Производство прочих транспортных средств и оборудования,30,2020.0,2239448.0
Производство прочих транспортных средств и оборудования,30,2021.0,2524103.0
Производство прочих транспортных средств и оборудования,30,2022.0,2489539.0
Производство прочих транспортных средств и оборудования,30,2023.0,3293139.0
Производство прочих транспортных средств и оборудования,30,2024.0,4134547.0
Производство прочих транспортных средств и оборудования,30,2025.0,4731946.0
"Производство прочих транспортных средств, не включенных в другие группировки",30.01.АГ,2017.0,443007.0
"Производство прочих транспортных средств, не включенных в другие группировки",30.01.АГ,2018.0,472357.0
"Производство прочих транспортных средств, не включенных в другие группировки",30.01.АГ,2019.0,418869.0
"Производство прочих транспортных средств, не включенных в другие группировки",30.01.АГ,2020.0,542636.0
"Производство прочих транспортных средств, не включенных в другие группировки",30.01.АГ,2021.0,696487.0
"Производство прочих транспортных средств, не включенных в другие группировки",30.01.АГ,2022.0,668695.0
"Производство прочих транспортных средств, не включенных в другие группировки",30.01.АГ,2023.0,975255.0
"Производство прочих транспортных средств, не включенных в другие группировки",30.01.АГ,2024.0,1042041.0
"Производство прочих транспортных средств, не включенных в другие группировки",30.01.АГ,2025.0,1022155.0
Производство железнодорожных локомотивов и подвижного состава,30.2,2017.0,604461.0
Производство железнодорожных локомотивов и подвижного состава,30.2,2018.0,758358.0
Производство железнодорожных локомотивов и подвижного состава,30.2,2019.0,1008858.0
Производство железнодорожных локомотивов и подвижного состава,30.2,2020.0,807459.0
Производство железнодорожных локомотивов и подвижного состава,30.2,2021.0,797478.0
Производство железнодорожных локомотивов и подвижного состава,30.2,2022.0,839515.0
Производство железнодорожных локомотивов и подвижного состава,30.2,2023.0,1066180.0
Производство железнодорожных локомотивов и подвижного состава,30.2,2024.0,1404323.0
Производство железнодорожных локомотивов и подвижного состава,30.2,2025.0,1160574.0
"Производство летательных аппаратов, включая космические, и соответствующего оборудования",30.3,2017.0,966833.0
"Производство летательных аппаратов, включая космические, и соответствующего оборудования",30.3,2018.0,920167.0
"Производство летательных аппаратов, включая космические, и соответствующего оборудования",30.3,2019.0,838066.0
"Производство летательных аппаратов, включая космические, и соответствующего оборудования",30.3,2020.0,874193.0
"Производство летательных аппаратов, включая космические, и соответствующего оборудования",30.3,2021.0,1014667.0
"Производство летательных аппаратов, включая космические, и соответствующего оборудования",30.3,2022.0,967901.0
"Производство летательных аппаратов, включая космические, и соответствующего оборудования",30.3,2023.0,1238171.0
"Производство летательных аппаратов, включая космические, и соответствующего оборудования",30.3,2024.0,1671262.0
"Производство летательных аппаратов, включая космические, и соответствующего оборудования",30.3,2025.0,2535844.0
"Производство транспортных средств и оборудования, не включенных в другие группировки",30.9,2017.0,12816.0
"Производство транспортных средств и оборудования, не включенных в другие группировки",30.9,2018.0,12260.0
"Производство транспортных средств и оборудования, не включенных в другие группировки",30.9,2019.0,11327.0
"Производство транспортных средств и оборудования, не включенных в другие группировки",30.9,2020.0,15160.0
"Производство транспортных средств и оборудования, не включенных в другие группировки",30.9,2021.0,15471.0
"Производство транспортных средств и оборудования, не включенных в другие группировки",30.9,2022.0,13428.0
"Производство транспортных средств и оборудования, не включенных в другие группировки",30.9,2023.0,13533.0
"Производство транспортных средств и оборудования, не включенных в другие группировки",30.9,2024.0,16921.0
"Производство транспортных средств и оборудования, не включенных в другие группировки",30.9,2025.0,13373.0
Производство мебели,31,2017.0,253045.0
Производство мебели,31,2018.0,282709.0
Производство мебели,31,2019.0,289896.0
Производство мебели,31,2020.0,365409.0
Производство мебели,31,2021.0,401603.0
Производство мебели,31,2022.0,426365.0
Производство мебели,31,2023.0,523819.0
Производство мебели,31,2024.0,636331.0
Производство мебели,31,2025.0,601862.0
Производство прочих готовых изделий,32,2017.0,216092.0
Производство прочих готовых изделий,32,2018.0,239351.0
Производство прочих готовых изделий,32,2019.0,265327.0
Производство прочих готовых изделий,32,2020.0,355566.0
Производство прочих готовых изделий,32,2021.0,335890.0
Производство прочих готовых изделий,32,2022.0,385993.0
Производство прочих готовых изделий,32,2023.0,503174.0
Производство прочих готовых изделий,32,2024.0,598350.0
Производство прочих готовых изделий,32,2025.0,611068.0
"Производство ювелирных изделий, бижутерии и подобных товаров",32.1,2017.0,100662.0
"Производство ювелирных изделий, бижутерии и подобных товаров",32.1,2018.0,118795.0
"Производство ювелирных изделий, бижутерии и подобных товаров",32.1,2019.0,128052.0
"Производство ювелирных изделий, бижутерии и подобных товаров",32.1,2020.0,120548.0
"Производство ювелирных изделий, бижутерии и подобных товаров",32.1,2021.0,148755.0
"Производство ювелирных изделий, бижутерии и подобных товаров",32.1,2022.0,147327.0
"Производство ювелирных изделий, бижутерии и подобных товаров",32.1,2023.0,220648.0
"Производство ювелирных изделий, бижутерии и подобных товаров",32.1,2024.0,248515.0
"Производство ювелирных изделий, бижутерии и подобных товаров",32.1,2025.0,255546.0
Производство музыкальных инструментов,32.2,2017.0,247.0
Производство музыкальных инструментов,32.2,2018.0,501.0
Производство музыкальных инструментов,32.2,2019.0,505.0
Производство музыкальных инструментов,32.2,2020.0,1010.0
Производство музыкальных инструментов,32.2,2021.0,1082.0
Производство музыкальных инструментов,32.2,2022.0,1401.0
Производство музыкальных инструментов,32.2,2023.0,1634.0
Производство музыкальных инструментов,32.2,2024.0,1725.0
Производство музыкальных инструментов,32.2,2025.0,1425.0
Производство спортивных товаров,32.3,2017.0,7719.0
Производство спортивных товаров,32.3,2018.0,8814.0
Производство спортивных товаров,32.3,2019.0,10467.0
Производство спортивных товаров,32.3,2020.0,16084.0
Производство спортивных товаров,32.3,2021.0,13168.0
Производство спортивных товаров,32.3,2022.0,20862.0
Производство спортивных товаров,32.3,2023.0,22401.0
Производство спортивных товаров,32.3,2024.0,29435.0
Производство спортивных товаров,32.3,2025.0,27221.0
Производство игр и игрушек,32.4,2017.0,11779.0
Производство игр и игрушек,32.4,2018.0,12188.0
Производство игр и игрушек,32.4,2019.0,13067.0
Производство игр и игрушек,32.4,2020.0,21036.0
Производство игр и игрушек,32.4,2021.0,19959.0
Производство игр и игрушек,32.4,2022.0,20891.0
Производство игр и игрушек,32.4,2023.0,22165.0
Производство игр и игрушек,32.4,2024.0,31536.0
Производство игр и игрушек,32.4,2025.0,24063.0
Производство медицинских инструментов и оборудования,32.5,2017.0,40408.0
Производство медицинских инструментов и оборудования,32.5,2018.0,38019.0
Производство медицинских инструментов и оборудования,32.5,2019.0,48560.0
Производство медицинских инструментов и оборудования,32.5,2020.0,114477.0
Производство медицинских инструментов и оборудования,32.5,2021.0,83529.0
Производство медицинских инструментов и оборудования,32.5,2022.0,99310.0
Производство медицинских инструментов и оборудования,32.5,2023.0,125661.0
Производство медицинских инструментов и оборудования,32.5,2024.0,154218.0
Производство медицинских инструментов и оборудования,32.5,2025.0,162189.0
"Производство изделий, не включенных в другие группировки",32.9,2017.0,55278.0
"Производство изделий, не включенных в другие группировки",32.9,2018.0,61036.0
"Производство изделий, не включенных в другие группировки",32.9,2019.0,64676.0
"Производство изделий, не включенных в другие группировки",32.9,2020.0,82411.0
"Производство изделий, не включенных в другие группировки",32.9,2021.0,69397.0
"Производство изделий, не включенных в другие группировки",32.9,2022.0,96201.0
"Производство изделий, не включенных в другие группировки",32.9,2023.0,110665.0
"Производство изделий, не включенных в другие группировки",32.9,2024.0,132920.0
"Производство изделий, не включенных в другие группировки",32.9,2025.0,140624.0
Ремонт и монтаж машин и оборудования,33,2017.0,995681.0
Ремонт и монтаж машин и оборудования,33,2018.0,1064390.0
Ремонт и монтаж машин и оборудования,33,2019.0,1169114.0
Ремонт и монтаж машин и оборудования,33,2020.0,1384646.0
Ремонт и монтаж машин и оборудования,33,2021.0,1335177.0
Ремонт и монтаж машин и оборудования,33,2022.0,1408192.0
Ремонт и монтаж машин и оборудования,33,2023.0,1652417.0
Ремонт и монтаж машин и оборудования,33,2024.0,2053508.0
Ремонт и монтаж машин и оборудования,33,2025.0,2155436.0
"Обеспечение электрической энергией, газом и паром; кондиционирование воздуха",35,2017.0,5379682.0
"Обеспечение электрической энергией, газом и паром; кондиционирование воздуха",35,2018.0,5641920.0
"Обеспечение электрической энергией, газом и паром; кондиционирование воздуха",35,2019.0,5805454.0
"Обеспечение электрической энергией, газом и паром; кондиционирование воздуха",35,2020.0,6017026.0
"Обеспечение электрической энергией, газом и паром; кондиционирование воздуха",35,2021.0,6445232.0
"Обеспечение электрической энергией, газом и паром; кондиционирование воздуха",35,2022.0,6730515.0
"Обеспечение электрической энергией, газом и паром; кондиционирование воздуха",35,2023.0,7506180.0
"Обеспечение электрической энергией, газом и паром; кондиционирование воздуха",35,2024.0,8173057.0
"Обеспечение электрической энергией, газом и паром; кондиционирование воздуха",35,2025.0,9063254.0
"Производство, передача и распределение электроэнергии",35.1,2017.0,3598838.0
"Производство, передача и распределение электроэнергии",35.1,2018.0,3786798.0
"Производство, передача и распределение электроэнергии",35.1,2019.0,3949300.0
"Производство, передача и распределение электроэнергии",35.1,2020.0,3938016.0
"Производство, передача и распределение электроэнергии",35.1,2021.0,4383179.0
"Производство, передача и распределение электроэнергии",35.1,2022.0,4575196.0
"Производство, передача и распределение электроэнергии",35.1,2023.0,5113398.0
"Производство, передача и распределение электроэнергии",35.1,2024.0,5597543.0
"Производство, передача и распределение электроэнергии",35.1,2025.0,6404432.0
Производство и распределение газообразного топлива,35.2,2017.0,218192.0
Производство и распределение газообразного топлива,35.2,2018.0,225907.0
Производство и распределение газообразного топлива,35.2,2019.0,222152.0
Производство и распределение газообразного топлива,35.2,2020.0,282574.0
Производство и распределение газообразного топлива,35.2,2021.0,271684.0
Производство и распределение газообразного топлива,35.2,2022.0,314802.0
Производство и распределение газообразного топлива,35.2,2023.0,367794.0
Производство и распределение газообразного топлива,35.2,2024.0,410839.0
Производство и распределение газообразного топлива,35.2,2025.0,369694.0
"Производство, передача и распределение пара и горячей воды; кондиционирование воздуха",35.3,2017.0,1562652.0
"Производство, передача и распределение пара и горячей воды; кондиционирование воздуха",35.3,2018.0,1629215.0
"Производство, передача и распределение пара и горячей воды; кондиционирование воздуха",35.3,2019.0,1634001.0
"Производство, передача и распределение пара и горячей воды; кондиционирование воздуха",35.3,2020.0,1796436.0
"Производство, передача и распределение пара и горячей воды; кондиционирование воздуха",35.3,2021.0,1790368.0
"Производство, передача и распределение пара и горячей воды; кондиционирование воздуха",35.3,2022.0,1840518.0
"Производство, передача и распределение пара и горячей воды; кондиционирование воздуха",35.3,2023.0,2024988.0
"Производство, передача и распределение пара и горячей воды; кондиционирование воздуха",35.3,2024.0,2164676.0
"Производство, передача и распределение пара и горячей воды; кондиционирование воздуха",35.3,2025.0,2289128.0
"Забор, очистка и распределение воды",36,2017.0,277069.0
"Забор, очистка и распределение воды",36,2018.0,293539.0
"Забор, очистка и распределение воды",36,2019.0,301852.0
"Забор, очистка и распределение воды",36,2020.0,323214.0
"Забор, очистка и распределение воды",36,2021.0,327362.0
"Забор, очистка и распределение воды",36,2022.0,347056.0
"Забор, очистка и распределение воды",36,2023.0,392739.0
"Забор, очистка и распределение воды",36,2024.0,432580.0
"Забор, очистка и распределение воды",36,2025.0,470400.0
Сбор и обработка сточных вод,37,2017.0,204753.0
Сбор и обработка сточных вод,37,2018.0,226787.0
Сбор и обработка сточных вод,37,2019.0,222767.0
Сбор и обработка сточных вод,37,2020.0,233395.0
Сбор и обработка сточных вод,37,2021.0,253962.0
Сбор и обработка сточных вод,37,2022.0,282759.0
Сбор и обработка сточных вод,37,2023.0,315156.0
Сбор и обработка сточных вод,37,2024.0,346740.0
Сбор и обработка сточных вод,37,2025.0,379791.0
"Сбор, обработка и утилизация отходов; обработка вторичного сырья",38,2017.0,515320.0
"Сбор, обработка и утилизация отходов; обработка вторичного сырья",38,2018.0,649369.0
"Сбор, обработка и утилизация отходов; обработка вторичного сырья",38,2019.0,792143.0
"Сбор, обработка и утилизация отходов; обработка вторичного сырья",38,2020.0,1142621.0
"Сбор, обработка и утилизация отходов; обработка вторичного сырья",38,2021.0,1278797.0
"Сбор, обработка и утилизация отходов; обработка вторичного сырья",38,2022.0,1198439.0
"Сбор, обработка и утилизация отходов; обработка вторичного сырья",38,2023.0,1362811.0
"Сбор, обработка и утилизация отходов; обработка вторичного сырья",38,2024.0,1530656.0
"Сбор, обработка и утилизация отходов; обработка вторичного сырья",38,2025.0,1327959.0
"Предоставление услуг в области ликвидации последствий загрязнений и прочих услуг, связанных с удалением отходов",39,2017.0,25356.0
"Предоставление услуг в области ликвидации последствий загрязнений и прочих услуг, связанных с удалением отходов",39,2018.0,15893.0
"Предоставление услуг в области ликвидации последствий загрязнений и прочих услуг, связанных с удалением отходов",39,2019.0,7551.0
"Предоставление услуг в области ликвидации последствий загрязнений и прочих услуг, связанных с удалением отходов",39,2020.0,4283.0
"Предоставление услуг в области ликвидации последствий загрязнений и прочих услуг, связанных с удалением отходов",39,2021.0,6439.0
"Предоставление услуг в области ликвидации последствий загрязнений и прочих услуг, связанных с удалением отходов",39,2022.0,7763.0
"Предоставление услуг в области ликвидации последствий загрязнений и прочих услуг, связанных с удалением отходов",39,2023.0,7784.0
"Предоставление услуг в области ликвидации последствий загрязнений и прочих услуг, связанных с удалением отходов",39,2024.0,9146.0
"Предоставление услуг в области ликвидации последствий загрязнений и прочих услуг, связанных с удалением отходов",39,2025.0,8885.0
ДОБЫЧА ПОЛЕЗНЫХ ИСКОПАЕМЫХ,B,2017.0,13916165.0
ДОБЫЧА ПОЛЕЗНЫХ ИСКОПАЕМЫХ,B,2018.0,18193870.0
ДОБЫЧА ПОЛЕЗНЫХ ИСКОПАЕМЫХ,B,2019.0,18324127.0
ДОБЫЧА ПОЛЕЗНЫХ ИСКОПАЕМЫХ,B,2020.0,14611770.0
ДОБЫЧА ПОЛЕЗНЫХ ИСКОПАЕМЫХ,B,2021.0,23598403.0
ДОБЫЧА ПОЛЕЗНЫХ ИСКОПАЕМЫХ,B,2022.0,27295828.0
ДОБЫЧА ПОЛЕЗНЫХ ИСКОПАЕМЫХ,B,2023.0,28085767.0
ДОБЫЧА ПОЛЕЗНЫХ ИСКОПАЕМЫХ,B,2024.0,32246726.0
ДОБЫЧА ПОЛЕЗНЫХ ИСКОПАЕМЫХ,B,2025.0,25713078.0
ПРОМЫШЛЕННОЕ ПРОИЗВОДСТВО (ПРОМЫШЛЕННОСТЬ),BCDE,2017.0,59030808.0
ПРОМЫШЛЕННОЕ ПРОИЗВОДСТВО (ПРОМЫШЛЕННОСТЬ),BCDE,2018.0,69620889.0
ПРОМЫШЛЕННОЕ ПРОИЗВОДСТВО (ПРОМЫШЛЕННОСТЬ),BCDE,2019.0,72889918.0
ПРОМЫШЛЕННОЕ ПРОИЗВОДСТВО (ПРОМЫШЛЕННОСТЬ),BCDE,2020.0,72350224.0
ПРОМЫШЛЕННОЕ ПРОИЗВОДСТВО (ПРОМЫШЛЕННОСТЬ),BCDE,2021.0,94888235.0
ПРОМЫШЛЕННОЕ ПРОИЗВОДСТВО (ПРОМЫШЛЕННОСТЬ),BCDE,2022.0,102659353.0
ПРОМЫШЛЕННОЕ ПРОИЗВОДСТВО (ПРОМЫШЛЕННОСТЬ),BCDE,2023.0,112244205.0
ПРОМЫШЛЕННОЕ ПРОИЗВОДСТВО (ПРОМЫШЛЕННОСТЬ),BCDE,2024.0,130062486.0
ПРОМЫШЛЕННОЕ ПРОИЗВОДСТВО (ПРОМЫШЛЕННОСТЬ,BCDE,2025.0,124344482.0
ОБРАБАТЫВАЮЩИЕ ПРОИЗВОДСТВА,C,2017.0,38712463.0
ОБРАБАТЫВАЮЩИЕ ПРОИЗВОДСТВА,C,2018.0,44599512.0
ОБРАБАТЫВАЮЩИЕ ПРОИЗВОДСТВА,C,2019.0,47436025.0
ОБРАБАТЫВАЮЩИЕ ПРОИЗВОДСТВА,C,2020.0,50017917.0
ОБРАБАТЫВАЮЩИЕ ПРОИЗВОДСТВА,C,2021.0,62978040.0
ОБРАБАТЫВАЮЩИЕ ПРОИЗВОДСТВА,C,2022.0,66796992.0
ОБРАБАТЫВАЮЩИЕ ПРОИЗВОДСТВА,C,2023.0,74573767.0
ОБРАБАТЫВАЮЩИЕ ПРОИЗВОДСТВА,C,2024.0,87323581.0
ОБРАБАТЫВАЮЩИЕ ПРОИЗВОДСТВА,C,2025.0,87381113.0
"ОБЕСПЕЧЕНИЕ ЭЛЕКТРИЧЕСКОЙ ЭНЕРГИЕЙ, ГАЗОМ И ПАРОМ; КОНДИЦИОНИРОВАНИЕ ВОЗДУХА",D,2017.0,5379682.0
"ОБЕСПЕЧЕНИЕ ЭЛЕКТРИЧЕСКОЙ ЭНЕРГИЕЙ, ГАЗОМ И ПАРОМ; КОНДИЦИОНИРОВАНИЕ ВОЗДУХА",D,2018.0,5641920.0
"ОБЕСПЕЧЕНИЕ ЭЛЕКТРИЧЕСКОЙ ЭНЕРГИЕЙ, ГАЗОМ И ПАРОМ; КОНДИЦИОНИРОВАНИЕ ВОЗДУХА",D,2019.0,5805454.0
"ОБЕСПЕЧЕНИЕ ЭЛЕКТРИЧЕСКОЙ ЭНЕРГИЕЙ, ГАЗОМ И ПАРОМ; КОНДИЦИОНИРОВАНИЕ ВОЗДУХА",D,2020.0,6017026.0
"ОБЕСПЕЧЕНИЕ ЭЛЕКТРИЧЕСКОЙ ЭНЕРГИЕЙ, ГАЗОМ И ПАРОМ; КОНДИЦИОНИРОВАНИЕ ВОЗДУХА",D,2021.0,6445232.0
"ОБЕСПЕЧЕНИЕ ЭЛЕКТРИЧЕСКОЙ ЭНЕРГИЕЙ, ГАЗОМ И ПАРОМ; КОНДИЦИОНИРОВАНИЕ ВОЗДУХА",D,2022.0,6730515.0
"ОБЕСПЕЧЕНИЕ ЭЛЕКТРИЧЕСКОЙ ЭНЕРГИЕЙ, ГАЗОМ И ПАРОМ; КОНДИЦИОНИРОВАНИЕ ВОЗДУХА",D,2023.0,7506180.0
"ОБЕСПЕЧЕНИЕ ЭЛЕКТРИЧЕСКОЙ ЭНЕРГИЕЙ, ГАЗОМ И ПАРОМ; КОНДИЦИОНИРОВАНИЕ ВОЗДУХА",D,2024.0,8173057.0
"ОБЕСПЕЧЕНИЕ ЭЛЕКТРИЧЕСКОЙ ЭНЕРГИЕЙ, ГАЗОМ И ПАРОМ; КОНДИЦИОНИРОВАНИЕ ВОЗДУХА",D,2025.0,9063254.0
"ВОДОСНАБЖЕНИЕ; ВОДООТВЕДЕНИЕ, ОРГАНИЗАЦИЯ СБОРА И УТИЛИЗАЦИИ ОТХОДОВ, ДЕЯТЕЛЬНОСТЬ ПО ЛИКВИДАЦИИ ЗАГРЯЗНЕНИЙ",E,2017.0,1022498.0
"ВОДОСНАБЖЕНИЕ; ВОДООТВЕДЕНИЕ, ОРГАНИЗАЦИЯ СБОРА И УТИЛИЗАЦИИ ОТХОДОВ, ДЕЯТЕЛЬНОСТЬ ПО ЛИКВИДАЦИИ ЗАГРЯЗНЕНИЙ",E,2018.0,1185587.0
"ВОДОСНАБЖЕНИЕ; ВОДООТВЕДЕНИЕ, ОРГАНИЗАЦИЯ СБОРА И УТИЛИЗАЦИИ ОТХОДОВ, ДЕЯТЕЛЬНОСТЬ ПО ЛИКВИДАЦИИ ЗАГРЯЗНЕНИЙ",E,2019.0,1324313.0
"ВОДОСНАБЖЕНИЕ; ВОДООТВЕДЕНИЕ, ОРГАНИЗАЦИЯ СБОРА И УТИЛИЗАЦИИ ОТХОДОВ, ДЕЯТЕЛЬНОСТЬ ПО ЛИКВИДАЦИИ ЗАГРЯЗНЕНИЙ",E,2020.0,1703512.0
"ВОДОСНАБЖЕНИЕ; ВОДООТВЕДЕНИЕ, ОРГАНИЗАЦИЯ СБОРА И УТИЛИЗАЦИИ ОТХОДОВ, ДЕЯТЕЛЬНОСТЬ ПО ЛИКВИДАЦИИ ЗАГРЯЗНЕНИЙ",E,2021.0,1866560.0
"ВОДОСНАБЖЕНИЕ; ВОДООТВЕДЕНИЕ, ОРГАНИЗАЦИЯ СБОРА И УТИЛИЗАЦИИ ОТХОДОВ, ДЕЯТЕЛЬНОСТЬ ПО ЛИКВИДАЦИИ ЗАГРЯЗНЕНИЙ",E,2022.0,1836018.0
"ВОДОСНАБЖЕНИЕ; ВОДООТВЕДЕНИЕ, ОРГАНИЗАЦИЯ СБОРА И УТИЛИЗАЦИИ ОТХОДОВ, ДЕЯТЕЛЬНОСТЬ ПО ЛИКВИДАЦИИ ЗАГРЯЗНЕНИЙ",E,2023.0,2078490.0
"ВОДОСНАБЖЕНИЕ; ВОДООТВЕДЕНИЕ, ОРГАНИЗАЦИЯ СБОРА И УТИЛИЗАЦИИ ОТХОДОВ, ДЕЯТЕЛЬНОСТЬ ПО ЛИКВИДАЦИИ ЗАГРЯЗНЕНИЙ",E,2024.0,2319121.0
"ВОДОСНАБЖЕНИЕ; ВОДООТВЕДЕНИЕ, ОРГАНИЗАЦИЯ СБОРА И УТИЛИЗАЦИИ ОТХОДОВ, ДЕЯТЕЛЬНОСТЬ ПО ЛИКВИДАЦИИ ЗАГРЯЗНЕНИЙ",E,2025.0,2187037.0
