region,okato,year,ITcosts_r
Центральный федеральный округ,030,2016,730328.4
Центральный федеральный округ,030,2017,961165.8
Центральный федеральный округ,030,2018,1124698.8
Центральный федеральный округ,030,2019,1717059.8
Центральный федеральный округ,030,2020,1707043.1
Центральный федеральный округ,030,2021,2505205.0
Центральный федеральный округ,030,2022,2621217.8
Центральный федеральный округ,030,2023,2781481.2
Центральный федеральный округ,030,2024,3730722.8
Северо-Западный федеральный округ,031,2016,118286.0
Северо-Западный федеральный округ,031,2017,107318.85
Северо-Западный федеральный округ,031,2018,111913.39
Северо-Западный федеральный округ,031,2019,127356.05
Северо-Западный федеральный округ,031,2020,175591.06
Северо-Западный федеральный округ,031,2021,318428.22
Северо-Западный федеральный округ,031,2022,341306.78
Северо-Западный федеральный округ,031,2023,353337.47
Северо-Западный федеральный округ,031,2024,419632.94
Приволжский федеральный округ,033,2016,128016.484
Приволжский федеральный округ,033,2017,125685.87
Приволжский федеральный округ,033,2018,148067.45
Приволжский федеральный округ,033,2019,176901.58
Приволжский федеральный округ,033,2020,196555.72
Приволжский федеральный округ,033,2021,231040.39
Приволжский федеральный округ,033,2022,261635.72
Приволжский федеральный округ,033,2023,329203.6
Приволжский федеральный округ,033,2024,398183.16
Уральский федеральный округ,034,2016,96577.34
Уральский федеральный округ,034,2017,98028.62
Уральский федеральный округ,034,2018,98292.06
Уральский федеральный округ,034,2019,106103.445
Уральский федеральный округ,034,2020,123926.52
Уральский федеральный округ,034,2021,143227.98
Уральский федеральный округ,034,2022,156395.39
Уральский федеральный округ,034,2023,188212.56
Уральский федеральный округ,034,2024,219904.89
Северо-Кавказский федеральный округ,038,2016,9899.937
Северо-Кавказский федеральный округ,038,2017,8832.653
Северо-Кавказский федеральный округ,038,2018,10635.923
Северо-Кавказский федеральный округ,038,2019,13802.299
Северо-Кавказский федеральный округ,038,2020,14912.575
Северо-Кавказский федеральный округ,038,2021,18526.068
Северо-Кавказский федеральный округ,038,2022,17954.127
Северо-Кавказский федеральный округ,038,2023,19814.947
Северо-Кавказский федеральный округ,038,2024,20325.992
Южный федеральный округ,040,2016,42381.445
Южный федеральный округ,040,2017,57414.574
Южный федеральный округ,040,2018,56322.176
Южный федеральный округ,040,2019,46606.973
Южный федеральный округ,040,2020,91213.36
Южный федеральный округ,040,2021,80865.12
Южный федеральный округ,040,2022,86825.99
Южный федеральный округ,040,2023,101225.64
Южный федеральный округ,040,2024,124272.16
Сибирский федеральный округ,041,2016,84230.4
Сибирский федеральный округ,041,2017,88480.14
Сибирский федеральный округ,041,2018,80123.48
Сибирский федеральный округ,041,2019,81955.78
Сибирский федеральный округ,041,2020,105544.57
Сибирский федеральный округ,041,2021,135483.56
Сибирский федеральный округ,041,2022,164920.19
Сибирский федеральный округ,041,2023,181853.42
Сибирский федеральный округ,041,2024,220065.19
Дальневосточный федеральный округ,042,2016,5173.501
Дальневосточный федеральный округ,042,2017,5144.517
Дальневосточный федеральный округ,042,2018,46107.996
Дальневосточный федеральный округ,042,2019,47045.62
Дальневосточный федеральный округ,042,2020,57811.65
Дальневосточный федеральный округ,042,2021,83010.984
Дальневосточный федеральный округ,042,2022,90172.58
Дальневосточный федеральный округ,042,2023,93875.65
Дальневосточный федеральный округ,042,2024,110945.805
Алтайский край,1,2016,3681.0115
Алтайский край,1,2017,2471.9573
Алтайский край,1,2018,4593.658
Алтайский край,1,2019,5291.049
Алтайский край,1,2020,7434.7485
Алтайский край,1,2021,7888.203
Алтайский край,1,2022,8892.226
Алтайский край,1,2023,8101.1743
Алтайский край,1,2024,10098.768
Амурская область,10,2016,2649.684
Амурская область,10,2017,3830.6904
Амурская область,10,2018,2780.3015
Амурская область,10,2019,3009.384
Амурская область,10,2020,4302.7544
Амурская область,10,2021,5807.9614
Амурская область,10,2022,5660.34
Амурская область,10,2023,8183.9907
Амурская область,10,2024,9983.215
Архангельская область,11,2016,9071.671
Архангельская область,11,2017,5460.4126
Архангельская область,11,2018,4940.589
Архангельская область,11,2019,3775.87
Архангельская область,11,2020,6768.046
Архангельская область,11,2021,7487.4346
Архангельская область,11,2022,8553.841
Архангельская область,11,2023,9443.888
Архангельская область,11,2024,9676.922
Архангельская область (кроме Ненецкого автономного округа),11001,2016,6292.454
Архангельская область (кроме Ненецкого автономного округа),11001,2017,3775.1382
Архангельская область (кроме Ненецкого автономного округа),11001,2018,3891.0977
Архангельская область (кроме Ненецкого автономного округа),11001,2019,3011.7925
Архангельская область (кроме Ненецкого автономного округа),11001,2020,4463.659
Архангельская область (кроме Ненецкого автономного округа),11001,2021,6227.4214
Архангельская область (кроме Ненецкого автономного округа),11001,2022,6998.951
Архангельская область (кроме Ненецкого автономного округа),11001,2023,7622.58
Архангельская область (кроме Ненецкого автономного округа),11001,2024,8243.936
Ненецкий автономный округ (Архангельская область),111,2016,2779.217
Ненецкий автономный округ (Архангельская область),111,2017,1685.2744
Ненецкий автономный округ (Архангельская область),111,2018,1049.4912
Ненецкий автономный округ (Архангельская область),111,2019,764.0775
Ненецкий автономный округ (Архангельская область),111,2020,2304.387
Ненецкий автономный округ (Архангельская область),111,2021,1260.0133
Ненецкий автономный округ (Архангельская область),111,2022,1554.8903
Ненецкий автономный округ (Архангельская область),111,2023,1821.308
Ненецкий автономный округ (Архангельская область),111,2024,1432.9862
Астраханская область,12,2016,2776.4485
Астраханская область,12,2017,3347.1445
Астраханская область,12,2018,3055.2273
Астраханская область,12,2019,3792.8853
Астраханская область,12,2020,36176.816
Астраханская область,12,2021,3531.6018
Астраханская область,12,2022,3896.9407
Астраханская область,12,2023,4339.047
Астраханская область,12,2024,4847.74
Белгородская область,14,2016,3360.9578
Белгородская область,14,2017,4208.914
Белгородская область,14,2018,4566.518
Белгородская область,14,2019,4732.9487
Белгородская область,14,2020,5467.691
Белгородская область,14,2021,8211.679
Белгородская область,14,2022,10635.407
Белгородская область,14,2023,14013.045
Белгородская область,14,2024,17874.152
Брянская область,15,2016,4427.9077
Брянская область,15,2017,4739.938
Брянская область,15,2018,5951.481
Брянская область,15,2019,6539.5454
Брянская область,15,2020,4692.6274
Брянская область,15,2021,7741.1445
Брянская область,15,2022,7167.293
Брянская область,15,2023,8181.379
Брянская область,15,2024,11600.842
Владимирская область,17,2016,3684.007
Владимирская область,17,2017,4023.733
Владимирская область,17,2018,4321.5396
Владимирская область,17,2019,4726.3403
Владимирская область,17,2020,7022.2534
Владимирская область,17,2021,7821.718
Владимирская область,17,2022,7671.1714
Владимирская область,17,2023,8734.259
Владимирская область,17,2024,14384.69
Волгоградская область,18,2016,5767.778
Волгоградская область,18,2017,8963.34
Волгоградская область,18,2018,7535.3213
Волгоградская область,18,2019,6303.7476
Волгоградская область,18,2020,10521.701
Волгоградская область,18,2021,10343.003
Волгоградская область,18,2022,12786.13
Волгоградская область,18,2023,12305.214
Волгоградская область,18,2024,14291.061
Вологодская область,19,2016,4582.914
Вологодская область,19,2017,6957.744
Вологодская область,19,2018,7665.3467
Вологодская область,19,2019,8674.592
Вологодская область,19,2020,7066.3726
Вологодская область,19,2021,8558.38
Вологодская область,19,2022,8835.981
Вологодская область,19,2023,10122.972
Вологодская область,19,2024,14391.73
Воронежская область,20,2016,4914.2144
Воронежская область,20,2017,4980.0854
Воронежская область,20,2018,5648.337
Воронежская область,20,2019,5754.4785
Воронежская область,20,2020,6145.664
Воронежская область,20,2021,10246.56
Воронежская область,20,2022,12286.802
Воронежская область,20,2023,12827.679
Воронежская область,20,2024,17196.1
Нижегородская область,22,2016,21403.203
Нижегородская область,22,2017,17402.389
Нижегородская область,22,2018,22678.504
Нижегородская область,22,2019,24009.258
Нижегородская область,22,2020,27844.287
Нижегородская область,22,2021,35187.105
Нижегородская область,22,2022,36963.883
Нижегородская область,22,2023,54140.62
Нижегородская область,22,2024,63658.61
Ивановская область,24,2016,2199.727
Ивановская область,24,2017,1783.7754
Ивановская область,24,2018,1707.8119
Ивановская область,24,2019,1910.1267
Ивановская область,24,2020,7255.8154
Ивановская область,24,2021,2972.4045
Ивановская область,24,2022,5321.278
Ивановская область,24,2023,3715.998
Ивановская область,24,2024,3878.3662
Иркутская область,25,2016,3639.1978
Иркутская область,25,2017,4043.8425
Иркутская область,25,2018,16843.04
Иркутская область,25,2019,13670.533
Иркутская область,25,2020,15566.374
Иркутская область,25,2021,15643.901
Иркутская область,25,2022,18932.63
Иркутская область,25,2023,20480.082
Иркутская область,25,2024,23157.576
Республика Ингушетия,26,2016,220.28041
Республика Ингушетия,26,2017,379.659
Республика Ингушетия,26,2018,521.5316
Республика Ингушетия,26,2019,306.9303
Республика Ингушетия,26,2020,1065.8815
Республика Ингушетия,26,2021,1065.1415
Республика Ингушетия,26,2022,1070.5873
Республика Ингушетия,26,2023,1088.7887
Республика Ингушетия,26,2024,343.0024
Калининградская область,27,2016,3100.028
Калининградская область,27,2017,2721.0083
Калининградская область,27,2018,3416.8494
Калининградская область,27,2019,4285.033
Калининградская область,27,2020,4513.5615
Калининградская область,27,2021,6353.7446
Калининградская область,27,2022,7270.0913
Калининградская область,27,2023,8286.089
Калининградская область,27,2024,33046.58
Тверская область,28,2016,3077.758
Тверская область,28,2017,3579.1765
Тверская область,28,2018,4361.384
Тверская область,28,2019,8398.472
Тверская область,28,2020,16358.576
Тверская область,28,2021,12051.423
Тверская область,28,2022,9393.164
Тверская область,28,2023,10388.24
Тверская область,28,2024,13444.63
Калужская область,29,2016,9294.889
Калужская область,29,2017,11472.345
Калужская область,29,2018,8965.906
Калужская область,29,2019,4818.1504
Калужская область,29,2020,6506.647
Калужская область,29,2021,9345.467
Калужская область,29,2022,8854.514
Калужская область,29,2023,8436.465
Калужская область,29,2024,10394.059
Краснодарский край,3,2016,15608.256
Краснодарский край,3,2017,23227.31
Краснодарский край,3,2018,22961.322
Краснодарский край,3,2019,17296.527
Краснодарский край,3,2020,20068.11
Краснодарский край,3,2021,35416.164
Краснодарский край,3,2022,37893.375
Краснодарский край,3,2023,41207.043
Краснодарский край,3,2024,52673.74
Камчатский край,30,2016,1721.3617
Камчатский край,30,2017,2179.107
Камчатский край,30,2018,2073.9883
Камчатский край,30,2019,3208.331
Камчатский край,30,2020,3353.1655
Камчатский край,30,2021,3608.6545
Камчатский край,30,2022,4267.7183
Камчатский край,30,2023,4995.1924
Камчатский край,30,2024,5540.8584
Кемеровская область - Кузбасс,32,2016,14940.796
Кемеровская область - Кузбасс,32,2017,15596.661
Кемеровская область - Кузбасс,32,2018,7130.96
Кемеровская область - Кузбасс,32,2019,7298.781
Кемеровская область - Кузбасс,32,2020,8953.775
Кемеровская область - Кузбасс,32,2021,12363.975
Кемеровская область - Кузбасс,32,2022,15151.65
Кемеровская область - Кузбасс,32,2023,15480.864
Кемеровская область - Кузбасс,32,2024,18962.203
Кировская область,33,2016,2242.4365
Кировская область,33,2017,3015.506
Кировская область,33,2018,2968.7432
Кировская область,33,2019,4822.9683
Кировская область,33,2020,4138.576
Кировская область,33,2021,6322.2866
Кировская область,33,2022,6604.3193
Кировская область,33,2023,8438.606
Кировская область,33,2024,15570.199
Костромская область,34,2016,2915.4956
Костромская область,34,2017,2003.7595
Костромская область,34,2018,1809.9547
Костромская область,34,2019,4813.98
Костромская область,34,2020,14311.417
Костромская область,34,2021,11848.143
Костромская область,34,2022,12645.06
Костромская область,34,2023,16541.691
Костромская область,34,2024,23462.84
Самарская область,36,2016,14826.765
Самарская область,36,2017,18681.148
Самарская область,36,2018,19633.555
Самарская область,36,2019,22167.8
Самарская область,36,2020,43643.49
Самарская область,36,2021,37738.645
Самарская область,36,2022,36750.383
Самарская область,36,2023,42540.297
Самарская область,36,2024,54064.383
Курганская область,37,2016,1485.5076
Курганская область,37,2017,1833.3082
Курганская область,37,2018,1609.422
Курганская область,37,2019,2139.4512
Курганская область,37,2020,2248.1362
Курганская область,37,2021,2376.8271
Курганская область,37,2022,2773.1096
Курганская область,37,2023,5457.7124
Курганская область,37,2024,12729.654
Курская область,38,2016,2635.1848
Курская область,38,2017,2588.5312
Курская область,38,2018,3206.719
Курская область,38,2019,3494.981
Курская область,38,2020,3536.5376
Курская область,38,2021,4760.861
Курская область,38,2022,5056.854
Курская область,38,2023,6347.454
Курская область,38,2024,6701.049
Красноярский край,4,2016,3430.0852
Красноярский край,4,2017,4393.1934
Красноярский край,4,2018,16434.197
Красноярский край,4,2019,16890.37
Красноярский край,4,2020,21425.494
Красноярский край,4,2021,27411.225
Красноярский край,4,2022,39527.914
Красноярский край,4,2023,42372.73
Красноярский край,4,2024,49314.473
Город Санкт-Петербург город федерального значения,40,2016,74407.48
Город Санкт-Петербург город федерального значения,40,2017,67152.44
Город Санкт-Петербург город федерального значения,40,2018,71996.445
Город Санкт-Петербург город федерального значения,40,2019,87871.72
Город Санкт-Петербург город федерального значения,40,2020,119342.19
Город Санкт-Петербург город федерального значения,40,2021,246640.39
Город Санкт-Петербург город федерального значения,40,2022,271156.44
Город Санкт-Петербург город федерального значения,40,2023,281531.28
Город Санкт-Петербург город федерального значения,40,2024,307466.6
Ленинградская область,41,2016,10021.957
Ленинградская область,41,2017,5464.3047
Ленинградская область,41,2018,6124.2065
Ленинградская область,41,2019,6748.12
Ленинградская область,41,2020,14646.886
Ленинградская область,41,2021,24726.385
Ленинградская область,41,2022,17514.473
Ленинградская область,41,2023,14564.983
Ленинградская область,41,2024,21167.174
Липецкая область,42,2016,3538.7944
Липецкая область,42,2017,3888.424
Липецкая область,42,2018,4163.182
Липецкая область,42,2019,5716.8896
Липецкая область,42,2020,7208.9917
Липецкая область,42,2021,8674.126
Липецкая область,42,2022,11011.229
Липецкая область,42,2023,11872.102
Липецкая область,42,2024,14576.281
Магаданская область,44,2016,3484.632
Магаданская область,44,2017,1599.4348
Магаданская область,44,2018,1705.2817
Магаданская область,44,2019,1386.2542
Магаданская область,44,2020,1958.6461
Магаданская область,44,2021,8219.0205
Магаданская область,44,2022,4624.046
Магаданская область,44,2023,5778.2783
Магаданская область,44,2024,2993.4395
Город Москва столица Российской Федерации город федерального значения,45,2016,590060.5
Город Москва столица Российской Федерации город федерального значения,45,2017,781271.56
Город Москва столица Российской Федерации город федерального значения,45,2018,912417.06
Город Москва столица Российской Федерации город федерального значения,45,2019,1489891.9
Город Москва столица Российской Федерации город федерального значения,45,2020,1522663.8
Город Москва столица Российской Федерации город федерального значения,45,2021,2284939.0
Город Москва столица Российской Федерации город федерального значения,45,2022,2380209.5
Город Москва столица Российской Федерации город федерального значения,45,2023,2536455.8
Город Москва столица Российской Федерации город федерального значения,45,2024,3419314.5
Московская область,46,2016,76629.96
Московская область,46,2017,116400.664
Московская область,46,2018,147654.38
Московская область,46,2019,155624.17
Московская область,46,2020,77507.15
Московская область,46,2021,100966.77
Московская область,46,2022,111899.7
Московская область,46,2023,101571.055
Московская область,46,2024,125919.62
Мурманская область,47,2016,3978.1348
Мурманская область,47,2017,4710.7993
Мурманская область,47,2018,4683.7104
Мурманская область,47,2019,3733.4524
Мурманская область,47,2020,5914.009
Мурманская область,47,2021,6783.682
Мурманская область,47,2022,8810.163
Мурманская область,47,2023,8075.1753
Мурманская область,47,2024,10357.835
Новгородская область,49,2016,2164.319
Новгородская область,49,2017,2156.8943
Новгородская область,49,2018,2334.0356
Новгородская область,49,2019,1957.5582
Новгородская область,49,2020,2840.9255
Новгородская область,49,2021,2858.7986
Новгородская область,49,2022,2986.2922
Новгородская область,49,2023,3443.5618
Новгородская область,49,2024,4157.213
Приморский край,5,2016,5473.9565
Приморский край,5,2017,6532.1875
Приморский край,5,2018,9261.357
Приморский край,5,2019,8502.329
Приморский край,5,2020,12344.206
Приморский край,5,2021,13242.242
Приморский край,5,2022,14559.668
Приморский край,5,2023,16707.932
Приморский край,5,2024,30975.566
Новосибирская область,50,2016,15801.703
Новосибирская область,50,2017,16696.355
Новосибирская область,50,2018,20476.213
Новосибирская область,50,2019,25367.742
Новосибирская область,50,2020,30716.424
Новосибирская область,50,2021,44318.926
Новосибирская область,50,2022,51105.02
Новосибирская область,50,2023,58894.46
Новосибирская область,50,2024,78794.86
Омская область,52,2016,7274.6597
Омская область,52,2017,7682.7427
Омская область,52,2018,5805.54
Омская область,52,2019,5291.887
Омская область,52,2020,8875.34
Омская область,52,2021,10607.893
Омская область,52,2022,12158.974
Омская область,52,2023,15198.731
Омская область,52,2024,15983.362
Оренбургская область,53,2016,4254.2886
Оренбургская область,53,2017,4983.0474
Оренбургская область,53,2018,5853.88
Оренбургская область,53,2019,6994.534
Оренбургская область,53,2020,8728.278
Оренбургская область,53,2021,17404.91
Оренбургская область,53,2022,13856.279
Оренбургская область,53,2023,17577.65
Оренбургская область,53,2024,21251.006
Орловская область,54,2016,2260.7297
Орловская область,54,2017,1750.7028
Орловская область,54,2018,1828.2295
Орловская область,54,2019,2188.7256
Орловская область,54,2020,2194.3525
Орловская область,54,2021,3193.9414
Орловская область,54,2022,3406.608
Орловская область,54,2023,3666.9207
Орловская область,54,2024,4304.1475
Пензенская область,56,2016,5147.8784
Пензенская область,56,2017,1940.9899
Пензенская область,56,2018,2641.9941
Пензенская область,56,2019,2913.5864
Пензенская область,56,2020,3779.2178
Пензенская область,56,2021,4191.028
Пензенская область,56,2022,4999.1055
Пензенская область,56,2023,5256.0186
Пензенская область,56,2024,6289.315
Пермский край,57,2016,14920.863
Пермский край,57,2017,16124.941
Пермский край,57,2018,16856.254
Пермский край,57,2019,19086.986
Пермский край,57,2020,18554.994
Пермский край,57,2021,21953.938
Пермский край,57,2022,30431.047
Пермский край,57,2023,37085.42
Пермский край,57,2024,40759.33
Псковская область,58,2016,1445.3031
Псковская область,58,2017,1898.3176
Псковская область,58,2018,1385.0852
Псковская область,58,2019,1258.6218
Псковская область,58,2020,1832.0266
Псковская область,58,2021,2073.4304
Псковская область,58,2022,2764.056
Псковская область,58,2023,2894.3083
Псковская область,58,2024,2942.0557
Ростовская область,60,2016,8418.617
Ростовская область,60,2017,10920.695
Ростовская область,60,2018,12456.886
Ростовская область,60,2019,13167.582
Ростовская область,60,2020,15011.899
Ростовская область,60,2021,19241.379
Ростовская область,60,2022,19139.172
Ростовская область,60,2023,21820.81
Ростовская область,60,2024,26290.68
Рязанская область,61,2016,3718.7195
Рязанская область,61,2017,3278.8857
Рязанская область,61,2018,3175.4775
Рязанская область,61,2019,3366.2415
Рязанская область,61,2020,5658.3765
Рязанская область,61,2021,7841.224
Рязанская область,61,2022,9449.483
Рязанская область,61,2023,10075.446
Рязанская область,61,2024,12498.806
Саратовская область,63,2016,11854.571
Саратовская область,63,2017,9194.259
Саратовская область,63,2018,18568.588
Саратовская область,63,2019,26456.652
Саратовская область,63,2020,11491.965
Саратовская область,63,2021,12164.855
Саратовская область,63,2022,13759.329
Саратовская область,63,2023,14285.12
Саратовская область,63,2024,14264.251
Сахалинская область,64,2016,8962.578
Сахалинская область,64,2017,9990.562
Сахалинская область,64,2018,10588.468
Сахалинская область,64,2019,6808.6255
Сахалинская область,64,2020,7935.7
Сахалинская область,64,2021,7787.9365
Сахалинская область,64,2022,8926.561
Сахалинская область,64,2023,9350.433
Сахалинская область,64,2024,11477.382
Российская Федерация,643,2016,1249224.8
Российская Федерация,643,2017,1487638.5
Российская Федерация,643,2018,1676161.2
Российская Федерация,643,2019,2316831.5
Российская Федерация,643,2020,2472598.5
Российская Федерация,643,2021,3515787.2
Российская Федерация,643,2022,3740428.5
Российская Федерация,643,2023,4049004.5
Российская Федерация,643,2024,5244053.0
Свердловская область,65,2016,23152.27
Свердловская область,65,2017,29051.588
Свердловская область,65,2018,30711.326
Свердловская область,65,2019,33326.688
Свердловская область,65,2020,35785.426
Свердловская область,65,2021,45623.09
Свердловская область,65,2022,52431.79
Свердловская область,65,2023,62215.066
Свердловская область,65,2024,77308.35
Смоленская область,66,2016,2012.7708
Смоленская область,66,2017,2419.2253
Смоленская область,66,2018,2529.612
Смоленская область,66,2019,2642.477
Смоленская область,66,2020,3021.7563
Смоленская область,66,2021,5244.809
Смоленская область,66,2022,5120.174
Смоленская область,66,2023,5829.367
Смоленская область,66,2024,6297.3584
Тамбовская область,68,2016,1678.7037
Тамбовская область,68,2017,2095.283
Тамбовская область,68,2018,2605.5515
Тамбовская область,68,2019,1622.1223
Тамбовская область,68,2020,3136.674
Тамбовская область,68,2021,3603.941
Тамбовская область,68,2022,3255.813
Тамбовская область,68,2023,4295.242
Тамбовская область,68,2024,6036.6567
Томская область,69,2016,15998.146
Томская область,69,2017,22329.697
Томская область,69,2018,5615.8247
Томская область,69,2019,5806.566
Томская область,69,2020,8112.3677
Томская область,69,2021,13242.819
Томская область,69,2022,14505.023
Томская область,69,2023,16454.877
Томская область,69,2024,18514.0
Ставропольский край,7,2016,5549.896
Ставропольский край,7,2017,4323.5513
Ставропольский край,7,2018,5321.44
Ставропольский край,7,2019,7480.552
Ставропольский край,7,2020,8245.642
Ставропольский край,7,2021,9312.194
Ставропольский край,7,2022,9190.262
Ставропольский край,7,2023,9054.875
Ставропольский край,7,2024,12199.948
Тульская область,70,2016,4307.6865
Тульская область,70,2017,5347.5195
Тульская область,70,2018,5501.8086
Тульская область,70,2019,6427.903
Тульская область,70,2020,9022.762
Тульская область,70,2021,9362.173
Тульская область,70,2022,9165.715
Тульская область,70,2023,9354.326
Тульская область,70,2024,11966.68
Тюменская область,71,2016,56041.375
Тюменская область,71,2017,52601.32
Тюменская область,71,2018,51949.406
Тюменская область,71,2019,54100.625
Тюменская область,71,2020,56887.312
Тюменская область,71,2021,70599.984
Тюменская область,71,2022,75533.28
Тюменская область,71,2023,84455.89
Тюменская область,71,2024,94931.16
Тюменская область (кроме Ханты-Мансийского автономного округа-Югры и Ямало-Ненецкого автономного округа),71001,2016,9907.463
Тюменская область (кроме Ханты-Мансийского автономного округа-Югры и Ямало-Ненецкого автономного округа),71001,2017,12120.239
Тюменская область (кроме Ханты-Мансийского автономного округа-Югры и Ямало-Ненецкого автономного округа),71001,2018,14381.03
Тюменская область (кроме Ханты-Мансийского автономного округа-Югры и Ямало-Ненецкого автономного округа),71001,2019,13864.785
Тюменская область (кроме Ханты-Мансийского автономного округа-Югры и Ямало-Ненецкого автономного округа),71001,2020,14644.309
Тюменская область (кроме Ханты-Мансийского автономного округа-Югры и Ямало-Ненецкого автономного округа),71001,2021,17686.184
Тюменская область (кроме Ханты-Мансийского автономного округа-Югры и Ямало-Ненецкого автономного округа),71001,2022,17530.15
Тюменская область (кроме Ханты-Мансийского автономного округа-Югры и Ямало-Ненецкого автономного округа),71001,2023,21009.027
Тюменская область (кроме Ханты-Мансийского автономного округа-Югры и Ямало-Ненецкого автономного округа),71001,2024,23096.402
Ханты-Мансийский автономный округ - Югра (Тюменская область),711,2016,34138.062
Ханты-Мансийский автономный округ - Югра (Тюменская область),711,2017,26459.162
Ханты-Мансийский автономный округ - Югра (Тюменская область),711,2018,27867.36
Ханты-Мансийский автономный округ - Югра (Тюменская область),711,2019,28057.232
Ханты-Мансийский автономный округ - Югра (Тюменская область),711,2020,26653.06
Ханты-Мансийский автономный округ - Югра (Тюменская область),711,2021,34306.047
Ханты-Мансийский автономный округ - Югра (Тюменская область),711,2022,34677.85
Ханты-Мансийский автономный округ - Югра (Тюменская область),711,2023,39356.047
Ханты-Мансийский автономный округ - Югра (Тюменская область),711,2024,44233.395
Ямало-Ненецкий автономный округ (Тюменская область),7114,2016,11995.85
Ямало-Ненецкий автономный округ (Тюменская область),7114,2017,14021.918
Ямало-Ненецкий автономный округ (Тюменская область),7114,2018,9701.019
Ямало-Ненецкий автономный округ (Тюменская область),7114,2019,12178.606
Ямало-Ненецкий автономный округ (Тюменская область),7114,2020,15589.944
Ямало-Ненецкий автономный округ (Тюменская область),7114,2021,18607.752
Ямало-Ненецкий автономный округ (Тюменская область),7114,2022,23325.283
Ямало-Ненецкий автономный округ (Тюменская область),7114,2023,24090.81
Ямало-Ненецкий автономный округ (Тюменская область),7114,2024,27601.357
Ульяновская область,73,2016,3666.2998
Ульяновская область,73,2017,3267.6968
Ульяновская область,73,2018,5070.132
Ульяновская область,73,2019,5223.806
Ульяновская область,73,2020,4853.003
Ульяновская область,73,2021,7831.37
Ульяновская область,73,2022,9046.8
Ульяновская область,73,2023,9648.415
Ульяновская область,73,2024,11724.353
Челябинская область,75,2016,15898.189
Челябинская область,75,2017,14542.398
Челябинская область,75,2018,14021.902
Челябинская область,75,2019,16536.686
Челябинская область,75,2020,29005.645
Челябинская область,75,2021,24628.08
Челябинская область,75,2022,25657.21
Челябинская область,75,2023,36083.895
Челябинская область,75,2024,34935.727
Забайкальский край,76,2016,7307.1577
Забайкальский край,76,2017,9676.112
Забайкальский край,76,2018,3337.3533
Забайкальский край,76,2019,3047.8335
Забайкальский край,76,2020,3601.4258
Забайкальский край,76,2021,4937.5215
Забайкальский край,76,2022,6030.295
Забайкальский край,76,2023,5547.418
Забайкальский край,76,2024,6487.005
Чукотский автономный округ,77,2016,1756.6414
Чукотский автономный округ,77,2017,781.1001
Чукотский автономный округ,77,2018,739.7063
Чукотский автономный округ,77,2019,787.2873
Чукотский автономный округ,77,2020,950.6234
Чукотский автономный округ,77,2021,1444.7076
Чукотский автономный округ,77,2022,1959.5118
Чукотский автономный округ,77,2023,1956.5414
Чукотский автономный округ,77,2024,2281.008
Ярославская область,78,2016,9610.36
Ярославская область,78,2017,5333.308
Ярославская область,78,2018,4283.8496
Ярославская область,78,2019,4390.285
Ярославская область,78,2020,5331.927
Ярославская область,78,2021,6379.5806
Ярославская область,78,2022,8668.183
Ярославская область,78,2023,9174.934
Ярославская область,78,2024,10872.165
Республика Адыгея (Адыгея),79,2016,557.198
Республика Адыгея (Адыгея),79,2017,592.68164
Республика Адыгея (Адыгея),79,2018,904.45715
Республика Адыгея (Адыгея),79,2019,853.5937
Республика Адыгея (Адыгея),79,2020,1069.3386
Республика Адыгея (Адыгея),79,2021,2327.4878
Республика Адыгея (Адыгея),79,2022,1484.4067
Республика Адыгея (Адыгея),79,2023,1192.6984
Республика Адыгея (Адыгея),79,2024,2538.5552
Хабаровский край,8,2016,7875.7573
Хабаровский край,8,2017,5858.756
Хабаровский край,8,2018,6636.595
Хабаровский край,8,2019,7778.573
Хабаровский край,8,2020,8777.254
Хабаровский край,8,2021,12413.478
Хабаровский край,8,2022,18502.537
Хабаровский край,8,2023,16819.984
Хабаровский край,8,2024,17789.568
Республика Башкортостан,80,2016,15371.383
Республика Башкортостан,80,2017,15826.408
Республика Башкортостан,80,2018,19076.729
Республика Башкортостан,80,2019,20802.691
Республика Башкортостан,80,2020,22335.719
Республика Башкортостан,80,2021,29329.094
Республика Башкортостан,80,2022,27516.777
Республика Башкортостан,80,2023,35703.85
Республика Башкортостан,80,2024,42084.758
Республика Бурятия,81,2016,9924.821
Республика Бурятия,81,2017,6335.489
Республика Бурятия,81,2018,2110.904
Республика Бурятия,81,2019,3739.34
Республика Бурятия,81,2020,3198.9294
Республика Бурятия,81,2021,3154.4175
Республика Бурятия,81,2022,3337.008
Республика Бурятия,81,2023,4996.2046
Республика Бурятия,81,2024,3657.0056
Республика Дагестан,82,2016,908.5049
Республика Дагестан,82,2017,905.8798
Республика Дагестан,82,2018,1366.9915
Республика Дагестан,82,2019,1404.3444
Республика Дагестан,82,2020,1047.7274
Республика Дагестан,82,2021,2734.4246
Республика Дагестан,82,2022,2202.3044
Республика Дагестан,82,2023,1907.5496
Республика Дагестан,82,2024,2116.658
Кабардино-Балкарская Республика,83,2016,519.8332
Кабардино-Балкарская Республика,83,2017,515.3004
Кабардино-Балкарская Республика,83,2018,596.7115
Кабардино-Балкарская Республика,83,2019,572.0102
Кабардино-Балкарская Республика,83,2020,1093.0199
Кабардино-Балкарская Республика,83,2021,1519.3923
Кабардино-Балкарская Республика,83,2022,1523.1096
Кабардино-Балкарская Республика,83,2023,1392.909
Кабардино-Балкарская Республика,83,2024,1407.6815
Республика Алтай,84,2016,822.5932
Республика Алтай,84,2017,617.604
Республика Алтай,84,2018,692.6889
Республика Алтай,84,2019,731.8815
Республика Алтай,84,2020,903.04474
Республика Алтай,84,2021,1004.9898
Республика Алтай,84,2022,1112.7809
Республика Алтай,84,2023,1273.9833
Республика Алтай,84,2024,1232.0066
Республика Калмыкия,85,2016,478.7604
Республика Калмыкия,85,2017,359.8446
Республика Калмыкия,85,2018,411.36932
Республика Калмыкия,85,2019,580.65814
Республика Калмыкия,85,2020,536.63226
Республика Калмыкия,85,2021,490.66882
Республика Калмыкия,85,2022,554.1203
Республика Калмыкия,85,2023,656.5285
Республика Калмыкия,85,2024,669.4129
Республика Карелия,86,2016,2191.0425
Республика Карелия,86,2017,2044.6042
Республика Карелия,86,2018,2150.813
Республика Карелия,86,2019,2816.0942
Республика Карелия,86,2020,3963.604
Республика Карелия,86,2021,3480.0947
Республика Карелия,86,2022,3665.0564
Республика Карелия,86,2023,3685.5325
Республика Карелия,86,2024,5020.3594
Республика Коми,87,2016,7323.152
Республика Коми,87,2017,8752.322
Республика Коми,87,2018,7216.308
Республика Коми,87,2019,6234.984
Республика Коми,87,2020,8703.439
Республика Коми,87,2021,9465.887
Республика Коми,87,2022,9750.391
Республика Коми,87,2023,11289.666
Республика Коми,87,2024,11406.476
Республика Марий Эл,88,2016,1017.1662
Республика Марий Эл,88,2017,1352.4064
Республика Марий Эл,88,2018,1436.4554
Республика Марий Эл,88,2019,3197.3381
Республика Марий Эл,88,2020,2113.228
Республика Марий Эл,88,2021,2820.7708
Республика Марий Эл,88,2022,3189.3413
Республика Марий Эл,88,2023,5450.936
Республика Марий Эл,88,2024,6598.7803
Республика Мордовия,89,2016,2723.4229
Республика Мордовия,89,2017,1333.9331
Республика Мордовия,89,2018,1345.8677
Республика Мордовия,89,2019,1642.2433
Республика Мордовия,89,2020,2243.8157
Республика Мордовия,89,2021,2191.699
Республика Мордовия,89,2022,2802.0847
Республика Мордовия,89,2023,3125.4937
Республика Мордовия,89,2024,4439.7637
Республика Северная Осетия-Алания,90,2016,833.9721
Республика Северная Осетия-Алания,90,2017,769.9505
Республика Северная Осетия-Алания,90,2018,819.2474
Республика Северная Осетия-Алания,90,2019,1087.9716
Республика Северная Осетия-Алания,90,2020,1153.563
Республика Северная Осетия-Алания,90,2021,1198.6863
Республика Северная Осетия-Алания,90,2022,1160.8528
Республика Северная Осетия-Алания,90,2023,1775.2078
Республика Северная Осетия-Алания,90,2024,934.1537
Карачаево-Черкесская Республика,91,2016,590.34033
Карачаево-Черкесская Республика,91,2017,515.2669
Карачаево-Черкесская Республика,91,2018,598.64984
Карачаево-Черкесская Республика,91,2019,651.5463
Карачаево-Черкесская Республика,91,2020,738.09064
Карачаево-Черкесская Республика,91,2021,952.012
Карачаево-Черкесская Республика,91,2022,902.6664
Карачаево-Черкесская Республика,91,2023,890.6773
Карачаево-Черкесская Республика,91,2024,1130.3358
Республика Татарстан (Татарстан),92,2016,24666.896
Республика Татарстан (Татарстан),92,2017,25738.12
Республика Татарстан (Татарстан),92,2018,24438.396
Республика Татарстан (Татарстан),92,2019,31259.223
Республика Татарстан (Татарстан),92,2020,35476.727
Республика Татарстан (Татарстан),92,2021,39731.707
Республика Татарстан (Татарстан),92,2022,59219.742
Республика Татарстан (Татарстан),92,2023,72377.67
Республика Татарстан (Татарстан),92,2024,89149.695
Республика Тыва,93,2016,3021.4597
Республика Тыва,93,2017,2682.1372
Республика Тыва,93,2018,647.4221
Республика Тыва,93,2019,442.2205
Республика Тыва,93,2020,750.7202
Республика Тыва,93,2021,1181.8616
Республика Тыва,93,2022,1294.8232
Республика Тыва,93,2023,1283.9266
Республика Тыва,93,2024,1324.0962
Удмуртская Республика,94,2016,3675.2659
Удмуртская Республика,94,2017,4270.8066
Удмуртская Республика,94,2018,4587.5825
Удмуртская Республика,94,2019,6421.3857
Удмуртская Республика,94,2020,8683.573
Удмуртская Республика,94,2021,10040.982
Удмуртская Республика,94,2022,11059.504
Удмуртская Республика,94,2023,16867.006
Удмуртская Республика,94,2024,18931.336
Республика Хакасия,95,2016,522.4264
Республика Хакасия,95,2017,485.9479
Республика Хакасия,95,2018,1883.9327
Республика Хакасия,95,2019,1164.7548
Республика Хакасия,95,2020,2806.2803
Республика Хакасия,95,2021,1819.7698
Республика Хакасия,95,2022,2239.1504
Республика Хакасия,95,2023,2312.5952
Республика Хакасия,95,2024,2683.8357
Чеченская Республика,96,2016,1277.1101
Чеченская Республика,96,2017,1423.0454
Чеченская Республика,96,2018,1411.3512
Чеченская Республика,96,2019,2298.9438
Чеченская Республика,96,2020,1568.6506
Чеченская Республика,96,2021,1744.2168
Чеченская Республика,96,2022,1904.3435
Чеченская Республика,96,2023,3704.9412
Чеченская Республика,96,2024,2194.2124
Чувашская Республика - Чувашия,97,2016,2246.051
Чувашская Республика - Чувашия,97,2017,2554.215
Чувашская Республика - Чувашия,97,2018,2910.7747
Чувашская Республика - Чувашия,97,2019,1903.1128
Чувашская Республика - Чувашия,97,2020,2668.8333
Чувашская Республика - Чувашия,97,2021,4131.986
Чувашская Республика - Чувашия,97,2022,5437.1123
Чувашская Республика - Чувашия,97,2023,6706.479
Чувашская Республика - Чувашия,97,2024,9397.402
Республика Саха (Якутия),98,2016,39504.79
Республика Саха (Якутия),98,2017,40712.047
Республика Саха (Якутия),98,2018,6555.62
Республика Саха (Якутия),98,2019,8560.813
Республика Саха (Якутия),98,2020,10748.268
Республика Саха (Якутия),98,2021,21230.62
Республика Саха (Якутия),98,2022,21544.97
Республика Саха (Якутия),98,2023,15981.975
Республика Саха (Якутия),98,2024,18984.654
Еврейская автономная область,99,2016,273.019
Еврейская автономная область,99,2017,264.09808
Еврейская автономная область,99,2018,318.4191
Еврейская автономная область,99,2019,216.84941
Еврейская автономная область,99,2020,640.6776
Еврейская автономная область,99,2021,1164.4283
Еврейская автономная область,99,2022,759.9187
Еврейская автономная область,99,2023,3557.702
Еврейская автономная область,99,2024,776.10986
