region,okato,year,VDS_r
Алтайский край,1,2016,532506.75
Алтайский край,1,2017,562664.44
Алтайский край,1,2018,601585.25
Алтайский край,1,2019,650612.1
Алтайский край,1,2020,687792.1
Алтайский край,1,2021,893383.6
Алтайский край,1,2022,950400.06
Алтайский край,1,2023,1056260.9
Алтайский край,1,2024,1276036.1
Краснодарский край,3,2016,2257605.8
Краснодарский край,3,2017,2467327.8
Краснодарский край,3,2018,2553586.0
Краснодарский край,3,2019,2629935.8
Краснодарский край,3,2020,2724319.0
Краснодарский край,3,2021,3341779.5
Краснодарский край,3,2022,4340008.5
Краснодарский край,3,2023,4825373.0
Краснодарский край,3,2024,5383938.5
Красноярский край,4,2016,1823378.4
Красноярский край,4,2017,2008097.6
Красноярский край,4,2018,2408040.8
Красноярский край,4,2019,2730677.8
Красноярский край,4,2020,2761509.8
Красноярский край,4,2021,3160017.2
Красноярский край,4,2022,3344593.2
Красноярский край,4,2023,3746019.5
Красноярский край,4,2024,4327014.0
Приморский край,5,2016,861626.9
Приморский край,5,2017,933974.75
Приморский край,5,2018,996229.1
Приморский край,5,2019,1099572.4
Приморский край,5,2020,1137195.8
Приморский край,5,2021,1387074.4
Приморский край,5,2022,1605772.8
Приморский край,5,2023,1909976.5
Приморский край,5,2024,2135475.8
Ставропольский край,7,2016,712753.5
Ставропольский край,7,2017,756736.7
Ставропольский край,7,2018,808757.25
Ставропольский край,7,2019,853521.75
Ставропольский край,7,2020,871895.3
Ставропольский край,7,2021,1067023.8
Ставропольский край,7,2022,1200759.6
Ставропольский край,7,2023,1380998.4
Ставропольский край,7,2024,1595592.2
Хабаровский край,8,2016,674771.7
Хабаровский край,8,2017,726109.44
Хабаровский край,8,2018,789660.56
Хабаровский край,8,2019,833523.75
Хабаровский край,8,2020,885399.06
Хабаровский край,8,2021,1047370.5
Хабаровский край,8,2022,1090087.5
Хабаровский край,8,2023,1293496.1
Хабаровский край,8,2024,1582004.9
Амурская область,10,2016,297803.66
Амурская область,10,2017,307933.94
Амурская область,10,2018,343464.03
Амурская область,10,2019,405143.62
Амурская область,10,2020,459791.06
Амурская область,10,2021,558203.3
Амурская область,10,2022,612941.44
Амурская область,10,2023,809227.94
Амурская область,10,2024,1026395.9
Архангельская область,11,2016,713179.3
Архангельская область,11,2017,768971.9
Архангельская область,11,2018,876796.8
Архангельская область,11,2019,901785.6
Архангельская область,11,2020,793405.94
Архангельская область,11,2021,1091239.4
Архангельская область,11,2022,1197926.4
Архангельская область,11,2023,1266755.2
Архангельская область,11,2024,1440193.5
Астраханская область,12,2016,368561.94
Астраханская область,12,2017,449023.62
Астраханская область,12,2018,586625.6
Астраханская область,12,2019,609149.25
Астраханская область,12,2020,534042.25
Астраханская область,12,2021,670917.2
Астраханская область,12,2022,769968.25
Астраханская область,12,2023,786036.8
Астраханская область,12,2024,894396.75
Белгородская область,14,2016,778240.56
Белгородская область,14,2017,848061.06
Белгородская область,14,2018,923836.5
Белгородская область,14,2019,967040.75
Белгородская область,14,2020,1009210.0
Белгородская область,14,2021,1372135.6
Белгородская область,14,2022,1292637.5
Белгородская область,14,2023,1355634.0
Белгородская область,14,2024,1514896.8
Брянская область,15,2016,316763.72
Брянская область,15,2017,347948.53
Брянская область,15,2018,374567.62
Брянская область,15,2019,407129.66
Брянская область,15,2020,422196.7
Брянская область,15,2021,491326.2
Брянская область,15,2022,555000.1
Брянская область,15,2023,645355.56
Брянская область,15,2024,724167.6
Владимирская область,17,2016,431621.94
Владимирская область,17,2017,458575.78
Владимирская область,17,2018,489625.84
Владимирская область,17,2019,544953.25
Владимирская область,17,2020,563076.56
Владимирская область,17,2021,740352.3
Владимирская область,17,2022,787440.94
Владимирская область,17,2023,893576.6
Владимирская область,17,2024,969477.9
Волгоградская область,18,2016,826063.25
Волгоградская область,18,2017,868865.06
Волгоградская область,18,2018,949322.0
Волгоградская область,18,2019,985058.0
Волгоградская область,18,2020,999191.5
Волгоградская область,18,2021,1089882.9
Волгоградская область,18,2022,1227051.9
Волгоградская область,18,2023,1397014.2
Волгоградская область,18,2024,1517988.8
Вологодская область,19,2016,510088.0
Вологодская область,19,2017,552842.44
Вологодская область,19,2018,627589.6
Вологодская область,19,2019,647511.5
Вологодская область,19,2020,637951.5
Вологодская область,19,2021,1040340.94
Вологодская область,19,2022,1032805.5
Вологодская область,19,2023,1096102.0
Вологодская область,19,2024,1210040.5
Воронежская область,20,2016,828646.2
Воронежская область,20,2017,904496.3
Воронежская область,20,2018,986641.5
Воронежская область,20,2019,1039984.8
Воронежская область,20,2020,1105295.1
Воронежская область,20,2021,1320198.1
Воронежская область,20,2022,1401633.4
Воронежская область,20,2023,1544990.0
Воронежская область,20,2024,1717550.9
Нижегородская область,22,2016,1285200.9
Нижегородская область,22,2017,1441531.4
Нижегородская область,22,2018,1557168.0
Нижегородская область,22,2019,1674498.5
Нижегородская область,22,2020,1663461.5
Нижегородская область,22,2021,1995910.2
Нижегородская область,22,2022,2333654.8
Нижегородская область,22,2023,2769904.5
Нижегородская область,22,2024,3080113.5
Ивановская область,24,2016,205853.95
Ивановская область,24,2017,218259.56
Ивановская область,24,2018,238912.27
Ивановская область,24,2019,261566.92
Ивановская область,24,2020,276347.12
Ивановская область,24,2021,315008.78
Ивановская область,24,2022,367995.9
Ивановская область,24,2023,440393.44
Ивановская область,24,2024,502794.75
Иркутская область,25,2016,1140745.1
Иркутская область,25,2017,1297987.4
Иркутская область,25,2018,1491823.2
Иркутская область,25,2019,1571461.5
Иркутская область,25,2020,1526483.5
Иркутская область,25,2021,2005855.4
Иркутская область,25,2022,2373930.8
Иркутская область,25,2023,2572171.8
Иркутская область,25,2024,2987985.2
Республика Ингушетия,26,2016,58141.51
Республика Ингушетия,26,2017,61526.977
Республика Ингушетия,26,2018,68227.88
Республика Ингушетия,26,2019,74570.69
Республика Ингушетия,26,2020,71656.24
Республика Ингушетия,26,2021,72562.46
Республика Ингушетия,26,2022,84432.91
Республика Ингушетия,26,2023,95209.805
Республика Ингушетия,26,2024,108594.805
Калининградская область,27,2016,417445.06
Калининградская область,27,2017,457548.16
Калининградская область,27,2018,504838.62
Калининградская область,27,2019,533237.9
Калининградская область,27,2020,563206.9
Калининградская область,27,2021,699585.6
Калининградская область,27,2022,746567.8
Калининградская область,27,2023,815545.7
Калининградская область,27,2024,968454.25
Тверская область,28,2016,397457.56
Тверская область,28,2017,428710.56
Тверская область,28,2018,479788.06
Тверская область,28,2019,498258.28
Тверская область,28,2020,497673.6
Тверская область,28,2021,575512.6
Тверская область,28,2022,629446.9
Тверская область,28,2023,752373.94
Тверская область,28,2024,825643.5
Калужская область,29,2016,409517.97
Калужская область,29,2017,468088.53
Калужская область,29,2018,520343.06
Калужская область,29,2019,561601.75
Калужская область,29,2020,573690.8
Калужская область,29,2021,682645.0
Калужская область,29,2022,697116.9
Калужская область,29,2023,807967.44
Калужская область,29,2024,913018.94
Центральный федеральный округ,30,2016,26189814.0
Камчатский край,30,2016,224102.53
Центральный федеральный округ,30,2017,29708646.0
Камчатский край,30,2017,233301.19
Центральный федеральный округ,30,2018,33326380.0
Камчатский край,30,2018,269081.9
Центральный федеральный округ,30,2019,35536476.0
Камчатский край,30,2019,284970.22
Центральный федеральный округ,30,2020,37015348.0
Камчатский край,30,2020,302329.34
Центральный федеральный округ,30,2021,44910904.0
Камчатский край,30,2021,356682.78
Центральный федеральный округ,30,2022,49588868.0
Камчатский край,30,2022,361824.62
Центральный федеральный округ,30,2023,58592616.0
Камчатский край,30,2023,436158.1
Центральный федеральный округ,30,2024,66158464.0
Камчатский край,30,2024,464950.66
Северо-Западный федеральный округ,31,2016,8406270.0
Северо-Западный федеральный округ,31,2017,9222648.0
Северо-Западный федеральный округ,31,2018,10120109.0
Северо-Западный федеральный округ,31,2019,10845341.0
Северо-Западный федеральный округ,31,2020,11025427.0
Северо-Западный федеральный округ,31,2021,16992040.0
Северо-Западный федеральный округ,31,2022,19194984.0
Северо-Западный федеральный округ,31,2023,19356592.0
Северо-Западный федеральный округ,31,2024,22598982.0
Кемеровская область - Кузбасс,32,2016,903675.2
Кемеровская область - Кузбасс,32,2017,1118062.6
Кемеровская область - Кузбасс,32,2018,1290616.5
Кемеровская область - Кузбасс,32,2019,1133857.2
Кемеровская область - Кузбасс,32,2020,1069131.8
Кемеровская область - Кузбасс,32,2021,1847571.4
Кемеровская область - Кузбасс,32,2022,2191098.2
Кемеровская область - Кузбасс,32,2023,1908425.2
Кемеровская область - Кузбасс,32,2024,1818576.0
Приволжский федеральный округ,33,2016,11089719.0
Кировская область,33,2016,313614.9
Приволжский федеральный округ,33,2017,12125799.0
Кировская область,33,2017,341649.5
Приволжский федеральный округ,33,2018,13666086.0
Кировская область,33,2018,364248.16
Приволжский федеральный округ,33,2019,14450108.0
Кировская область,33,2019,381162.44
Приволжский федеральный округ,33,2020,14028536.0
Кировская область,33,2020,407678.03
Приволжский федеральный округ,33,2021,17550988.0
Кировская область,33,2021,499696.72
Приволжский федеральный округ,33,2022,19861086.0
Кировская область,33,2022,556378.3
Приволжский федеральный округ,33,2023,22499090.0
Кировская область,33,2023,611244.94
Приволжский федеральный округ,33,2024,26302754.0
Кировская область,33,2024,714616.3
Костромская область,34,2016,170235.77
Уральский федеральный округ,34,2016,9783408.0
Костромская область,34,2017,188229.95
Уральский федеральный округ,34,2017,11182524.0
Костромская область,34,2018,217673.48
Уральский федеральный округ,34,2018,13241722.0
Костромская область,34,2019,223734.72
Уральский федеральный округ,34,2019,13480716.0
Костромская область,34,2020,218003.92
Уральский федеральный округ,34,2020,11849636.0
Костромская область,34,2021,262943.8
Уральский федеральный округ,34,2021,17131694.0
Костромская область,34,2022,291127.2
Уральский федеральный округ,34,2022,20107884.0
Костромская область,34,2023,337337.34
Уральский федеральный округ,34,2023,23198550.0
Костромская область,34,2024,400799.3
Уральский федеральный округ,34,2024,26643190.0
Самарская область,36,2016,1366826.6
Самарская область,36,2017,1502177.1
Самарская область,36,2018,1684170.0
Самарская область,36,2019,1750702.9
Самарская область,36,2020,1691824.8
Самарская область,36,2021,2225293.2
Самарская область,36,2022,2432085.8
Самарская область,36,2023,2735722.2
Самарская область,36,2024,3316305.8
Курганская область,37,2016,202177.31
Курганская область,37,2017,215359.28
Курганская область,37,2018,221045.2
Курганская область,37,2019,242285.61
Курганская область,37,2020,245253.11
Курганская область,37,2021,276948.25
Курганская область,37,2022,340017.72
Курганская область,37,2023,379788.38
Курганская область,37,2024,460766.47
Курская область,38,2016,379026.97
Северо-Кавказский федеральный округ,38,2016,1970497.9
Курская область,38,2017,411958.78
Северо-Кавказский федеральный округ,38,2017,2076806.2
Курская область,38,2018,458905.66
Северо-Кавказский федеральный округ,38,2018,2199072.0
Курская область,38,2019,503731.22
Северо-Кавказский федеральный округ,38,2019,2333369.2
Курская область,38,2020,531058.75
Северо-Кавказский федеральный округ,38,2020,2404925.8
Курская область,38,2021,697249.2
Северо-Кавказский федеральный округ,38,2021,2754503.5
Курская область,38,2022,670652.5
Северо-Кавказский федеральный округ,38,2022,3079548.5
Курская область,38,2023,755520.75
Северо-Кавказский федеральный округ,38,2023,3581798.2
Курская область,38,2024,832040.8
Северо-Кавказский федеральный округ,38,2024,4206719.5
Город Санкт-Петербург город федерального значения,40,2016,4105348.0
Южный федеральный округ,40,2016,5452018.5
Город Санкт-Петербург город федерального значения,40,2017,4620615.5
Южный федеральный округ,40,2017,5962861.5
Город Санкт-Петербург город федерального значения,40,2018,4962372.5
Южный федеральный округ,40,2018,6466593.0
Город Санкт-Петербург город федерального значения,40,2019,5371262.5
Южный федеральный округ,40,2019,6759090.5
Город Санкт-Петербург город федерального значения,40,2020,5532508.0
Южный федеральный округ,40,2020,6938240.0
Город Санкт-Петербург город федерального значения,40,2021,9648865.0
Южный федеральный округ,40,2021,8295172.5
Город Санкт-Петербург город федерального значения,40,2022,11376097.0
Южный федеральный округ,40,2022,9911095.0
Город Санкт-Петербург город федерального значения,40,2023,10940002.0
Южный федеральный округ,40,2023,11160615.0
Город Санкт-Петербург город федерального значения,40,2024,12945755.0
Южный федеральный округ,40,2024,12572109.0
Ленинградская область,41,2016,953829.7
Сибирский федеральный округ,41,2016,6981228.0
Ленинградская область,41,2017,1008601.7
Сибирский федеральный округ,41,2017,7849446.0
Ленинградская область,41,2018,1154919.0
Сибирский федеральный округ,41,2018,8923766.0
Ленинградская область,41,2019,1232910.4
Сибирский федеральный округ,41,2019,9319075.0
Ленинградская область,41,2020,1247823.2
Сибирский федеральный округ,41,2020,9263801.0
Ленинградская область,41,2021,1481175.2
Сибирский федеральный округ,41,2021,11665561.0
Ленинградская область,41,2022,1665888.6
Сибирский федеральный округ,41,2022,13180274.0
Ленинградская область,41,2023,1932508.0
Сибирский федеральный округ,41,2023,14366069.0
Ленинградская область,41,2024,2404133.0
Сибирский федеральный округ,41,2024,16292861.0
Липецкая область,42,2016,502713.4
Дальневосточный федеральный округ,42,2016,4489839.0
Липецкая область,42,2017,531408.6
Дальневосточный федеральный округ,42,2017,4794783.5
Липецкая область,42,2018,612826.75
Дальневосточный федеральный округ,42,2018,5717028.5
Липецкая область,42,2019,578961.5
Дальневосточный федеральный округ,42,2019,6092666.5
Липецкая область,42,2020,627219.6
Дальневосточный федеральный округ,42,2020,6165622.0
Липецкая область,42,2021,862129.6
Дальневосточный федеральный округ,42,2021,7722492.0
Липецкая область,42,2022,786957.25
Дальневосточный федеральный округ,42,2022,8946099.0
Липецкая область,42,2023,954366.06
Дальневосточный федеральный округ,42,2023,10263769.0
Липецкая область,42,2024,1044659.0
Дальневосточный федеральный округ,42,2024,11769999.0
Магаданская область,44,2016,153884.56
Магаданская область,44,2017,165264.2
Магаданская область,44,2018,179811.03
Магаданская область,44,2019,217484.8
Магаданская область,44,2020,288184.8
Магаданская область,44,2021,323038.22
Магаданская область,44,2022,317436.88
Магаданская область,44,2023,408460.94
Магаданская область,44,2024,527333.0
Город Москва столица Российской Федерации город федерального значения,45,2016,15309499.0
Город Москва столица Российской Федерации город федерального значения,45,2017,18106126.0
Город Москва столица Российской Федерации город федерального значения,45,2018,20642756.0
Город Москва столица Российской Федерации город федерального значения,45,2019,21921886.0
Город Москва столица Российской Федерации город федерального значения,45,2020,22821980.0
Город Москва столица Российской Федерации город федерального значения,45,2021,27287346.0
Город Москва столица Российской Федерации город федерального значения,45,2022,30542558.0
Город Москва столица Российской Федерации город федерального значения,45,2023,36523200.0
Город Москва столица Российской Федерации город федерального значения,45,2024,41003636.0
Московская область,46,2016,4207699.5
Московская область,46,2017,4344930.5
Московская область,46,2018,4713515.5
Московская область,46,2019,5266884.5
Московская область,46,2020,5485138.0
Московская область,46,2021,6891769.5
Московская область,46,2022,7843348.5
Московская область,46,2023,9330358.0
Московская область,46,2024,10883332.0
Мурманская область,47,2016,467162.8
Мурманская область,47,2017,488320.5
Мурманская область,47,2018,530613.9
Мурманская область,47,2019,626093.44
Мурманская область,47,2020,808050.6
Мурманская область,47,2021,1115825.8
Мурманская область,47,2022,1158922.5
Мурманская область,47,2023,1135528.6
Мурманская область,47,2024,1120855.2
Новгородская область,49,2016,253065.23
Новгородская область,49,2017,260379.02
Новгородская область,49,2018,263745.66
Новгородская область,49,2019,278243.47
Новгородская область,49,2020,284171.53
Новгородская область,49,2021,350093.84
Новгородская область,49,2022,381227.47
Новгородская область,49,2023,413324.94
Новгородская область,49,2024,479269.16
Новосибирская область,50,2016,1076906.1
Новосибирская область,50,2017,1236151.6
Новосибирская область,50,2018,1367939.9
Новосибирская область,50,2019,1404861.5
Новосибирская область,50,2020,1437375.5
Новосибирская область,50,2021,1710581.4
Новосибирская область,50,2022,1996727.2
Новосибирская область,50,2023,2312280.0
Новосибирская область,50,2024,2695653.5
Омская область,52,2016,669655.1
Омская область,52,2017,721715.7
Омская область,52,2018,760526.94
Омская область,52,2019,796161.7
Омская область,52,2020,795707.06
Омская область,52,2021,822239.5
Омская область,52,2022,949829.3
Омская область,52,2023,1231718.2
Омская область,52,2024,1412594.1
Оренбургская область,53,2016,815152.75
Оренбургская область,53,2017,887698.56
Оренбургская область,53,2018,1075584.0
Оренбургская область,53,2019,1124819.1
Оренбургская область,53,2020,1065112.9
Оренбургская область,53,2021,1428176.0
Оренбургская область,53,2022,1580819.1
Оренбургская область,53,2023,1787384.5
Оренбургская область,53,2024,2067641.0
Орловская область,54,2016,228705.5
Орловская область,54,2017,235776.14
Орловская область,54,2018,252393.83
Орловская область,54,2019,272438.94
Орловская область,54,2020,289275.66
Орловская область,54,2021,345113.2
Орловская область,54,2022,371621.8
Орловская область,54,2023,401194.94
Орловская область,54,2024,441058.6
Пензенская область,56,2016,358349.2
Пензенская область,56,2017,384256.2
Пензенская область,56,2018,420623.22
Пензенская область,56,2019,457837.53
Пензенская область,56,2020,494285.44
Пензенская область,56,2021,550271.9
Пензенская область,56,2022,596907.25
Пензенская область,56,2023,666644.25
Пензенская область,56,2024,803046.06
Пермский край,57,2016,1148146.1
Пермский край,57,2017,1272960.2
Пермский край,57,2018,1450090.9
Пермский край,57,2019,1523262.1
Пермский край,57,2020,1412178.0
Пермский край,57,2021,1793105.1
Пермский край,57,2022,2019729.9
Пермский край,57,2023,2233743.5
Пермский край,57,2024,2603970.5
Псковская область,58,2016,159210.28
Псковская область,58,2017,169673.28
Псковская область,58,2018,184756.6
Псковская область,58,2019,200578.9
Псковская область,58,2020,205785.11
Псковская область,58,2021,231745.81
Псковская область,58,2022,259093.05
Псковская область,58,2023,293990.72
Псковская область,58,2024,351071.03
Ростовская область,60,2016,1376960.8
Ростовская область,60,2017,1485532.0
Ростовская область,60,2018,1593414.1
Ростовская область,60,2019,1682315.8
Ростовская область,60,2020,1763261.8
Ростовская область,60,2021,2094491.2
Ростовская область,60,2022,2362308.0
Ростовская область,60,2023,2763262.0
Ростовская область,60,2024,3094242.5
Рязанская область,61,2016,366328.6
Рязанская область,61,2017,406415.6
Рязанская область,61,2018,428115.5
Рязанская область,61,2019,448909.0
Рязанская область,61,2020,475256.2
Рязанская область,61,2021,558809.2
Рязанская область,61,2022,627747.75
Рязанская область,61,2023,710246.06
Рязанская область,61,2024,816737.25
Саратовская область,63,2016,701992.8
Саратовская область,63,2017,749595.2
Саратовская область,63,2018,795361.94
Саратовская область,63,2019,830922.4
Саратовская область,63,2020,880734.44
Саратовская область,63,2021,1034851.25
Саратовская область,63,2022,1197839.6
Саратовская область,63,2023,1374183.8
Саратовская область,63,2024,1535174.4
Сахалинская область,64,2016,762786.44
Сахалинская область,64,2017,793024.9
Сахалинская область,64,2018,1242255.1
Сахалинская область,64,2019,1181158.8
Сахалинская область,64,2020,1011234.06
Сахалинская область,64,2021,1247459.9
Сахалинская область,64,2022,1681664.9
Сахалинская область,64,2023,1610227.2
Сахалинская область,64,2024,1677466.6
Свердловская область,65,2016,2112962.8
Свердловская область,65,2017,2343825.5
Свердловская область,65,2018,2512258.8
Свердловская область,65,2019,2626614.0
Свердловская область,65,2020,2606245.5
Свердловская область,65,2021,3180669.5
Свердловская область,65,2022,3529687.5
Свердловская область,65,2023,4252209.0
Свердловская область,65,2024,4746979.0
Смоленская область,66,2016,283769.94
Смоленская область,66,2017,319311.1
Смоленская область,66,2018,341418.38
Смоленская область,66,2019,355948.03
Смоленская область,66,2020,372007.06
Смоленская область,66,2021,436094.28
Смоленская область,66,2022,489287.88
Смоленская область,66,2023,565529.7
Смоленская область,66,2024,655272.5
Тамбовская область,68,2016,320678.84
Тамбовская область,68,2017,325944.34
Тамбовская область,68,2018,358187.56
Тамбовская область,68,2019,359585.7
Тамбовская область,68,2020,382380.38
Тамбовская область,68,2021,449276.44
Тамбовская область,68,2022,457080.88
Тамбовская область,68,2023,528554.4
Тамбовская область,68,2024,580374.44
Томская область,69,2016,521132.25
Томская область,69,2017,565442.8
Томская область,69,2018,624998.1
Томская область,69,2019,630914.44
Томская область,69,2020,566364.1
Томская область,69,2021,736499.0
Томская область,69,2022,823997.9
Томская область,69,2023,925319.7
Томская область,69,2024,1096820.8
Тульская область,70,2016,553436.3
Тульская область,70,2017,611224.9
Тульская область,70,2018,684704.75
Тульская область,70,2019,695646.2
Тульская область,70,2020,733546.44
Тульская область,70,2021,907094.06
Тульская область,70,2022,1019597.75
Тульская область,70,2023,1165767.2
Тульская область,70,2024,1304895.8
Тюменская область,71,2016,6133567.5
Тюменская область,71,2017,7170551.0
Тюменская область,71,2018,8946234.0
Тюменская область,71,2019,9023347.0
Тюменская область,71,2020,7354336.5
Тюменская область,71,2021,11565381.0
Тюменская область,71,2022,13971957.0
Тюменская область,71,2023,15941773.0
Тюменская область,71,2024,18483518.0
Ульяновская область,73,2016,367092.94
Ульяновская область,73,2017,384708.97
Ульяновская область,73,2018,398336.2
Ульяновская область,73,2019,437775.12
Ульяновская область,73,2020,452125.0
Ульяновская область,73,2021,522028.8
Ульяновская область,73,2022,598692.4
Ульяновская область,73,2023,682950.5
Ульяновская область,73,2024,782206.94
Челябинская область,75,2016,1334700.1
Челябинская область,75,2017,1452788.5
Челябинская область,75,2018,1562183.0
Челябинская область,75,2019,1588469.9
Челябинская область,75,2020,1643801.1
Челябинская область,75,2021,2108694.2
Челябинская область,75,2022,2266222.0
Челябинская область,75,2023,2624779.8
Челябинская область,75,2024,2951927.0
Забайкальский край,76,2016,280034.4
Забайкальский край,76,2017,314302.72
Забайкальский край,76,2018,347836.53
Забайкальский край,76,2019,377473.38
Забайкальский край,76,2020,431498.78
Забайкальский край,76,2021,525087.25
Забайкальский край,76,2022,568941.75
Забайкальский край,76,2023,737648.06
Забайкальский край,76,2024,909182.06
Чукотский автономный округ,77,2016,72174.15
Чукотский автономный округ,77,2017,73738.39
Чукотский автономный округ,77,2018,84231.42
Чукотский автономный округ,77,2019,95731.875
Чукотский автономный округ,77,2020,120687.44
Чукотский автономный округ,77,2021,140728.88
Чукотский автономный округ,77,2022,145632.0
Чукотский автономный округ,77,2023,187602.4
Чукотский автономный округ,77,2024,224097.61
Ярославская область,78,2016,499618.4
Ярославская область,78,2017,553181.06
Ярославская область,78,2018,602165.94
Ярославская область,78,2019,628213.94
Ярославская область,78,2020,631990.06
Ярославская область,78,2021,715898.2
Ярославская область,78,2022,757616.25
Ярославская область,78,2023,880250.2
Ярославская область,78,2024,1028110.6
Республика Адыгея (Адыгея),79,2016,101107.4
Республика Адыгея (Адыгея),79,2017,111609.445
Республика Адыгея (Адыгея),79,2018,121942.555
Республика Адыгея (Адыгея),79,2019,133044.6
Республика Адыгея (Адыгея),79,2020,145008.84
Республика Адыгея (Адыгея),79,2021,173377.89
Республика Адыгея (Адыгея),79,2022,192893.44
Республика Адыгея (Адыгея),79,2023,222128.77
Республика Адыгея (Адыгея),79,2024,284291.5
Республика Башкортостан,80,2016,1422153.9
Республика Башкортостан,80,2017,1520083.9
Республика Башкортостан,80,2018,1775801.5
Республика Башкортостан,80,2019,1839779.2
Республика Башкортостан,80,2020,1733498.0
Республика Башкортостан,80,2021,2059012.2
Республика Башкортостан,80,2022,2253879.2
Республика Башкортостан,80,2023,2496150.0
Республика Башкортостан,80,2024,2998271.5
Республика Бурятия,81,2016,220942.72
Республика Бурятия,81,2017,231823.84
Республика Бурятия,81,2018,266337.97
Республика Бурятия,81,2019,293244.0
Республика Бурятия,81,2020,310942.84
Республика Бурятия,81,2021,364231.8
Республика Бурятия,81,2022,453573.06
Республика Бурятия,81,2023,509952.03
Республика Бурятия,81,2024,578023.5
Республика Дагестан,82,2016,617610.9
Республика Дагестан,82,2017,643486.44
Республика Дагестан,82,2018,680431.06
Республика Дагестан,82,2019,718055.1
Республика Дагестан,82,2020,745264.7
Республика Дагестан,82,2021,806821.8
Республика Дагестан,82,2022,880243.1
Республика Дагестан,82,2023,1002987.0
Республика Дагестан,82,2024,1132803.0
Кабардино-Балкарская Республика,83,2016,152971.89
Кабардино-Балкарская Республика,83,2017,157978.73
Кабардино-Балкарская Республика,83,2018,164397.73
Кабардино-Балкарская Республика,83,2019,174178.58
Кабардино-Балкарская Республика,83,2020,182743.9
Кабардино-Балкарская Республика,83,2021,215707.25
Кабардино-Балкарская Республика,83,2022,248944.55
Кабардино-Балкарская Республика,83,2023,293838.2
Кабардино-Балкарская Республика,83,2024,346013.6
Республика Алтай,84,2016,47435.727
Республика Алтай,84,2017,49604.42
Республика Алтай,84,2018,55335.465
Республика Алтай,84,2019,58227.535
Республика Алтай,84,2020,64079.63
Республика Алтай,84,2021,75763.055
Республика Алтай,84,2022,90523.28
Республика Алтай,84,2023,108406.36
Республика Алтай,84,2024,131164.3
Республика Калмыкия,85,2016,69564.59
Республика Калмыкия,85,2017,81376.16
Республика Калмыкия,85,2018,87402.62
Республика Калмыкия,85,2019,90201.11
Республика Калмыкия,85,2020,95184.6
Республика Калмыкия,85,2021,103503.24
Республика Калмыкия,85,2022,120632.08
Республика Калмыкия,85,2023,168214.19
Республика Калмыкия,85,2024,217266.42
Республика Карелия,86,2016,248217.38
Республика Карелия,86,2017,276881.0
Республика Карелия,86,2018,307432.12
Республика Карелия,86,2019,325303.28
Республика Карелия,86,2020,329414.1
Республика Карелия,86,2021,454093.3
Республика Карелия,86,2022,397840.22
Республика Карелия,86,2023,430742.66
Республика Карелия,86,2024,479372.3
Республика Коми,87,2016,578724.2
Республика Коми,87,2017,618813.9
Республика Коми,87,2018,707044.3
Республика Коми,87,2019,728413.9
Республика Коми,87,2020,623110.56
Республика Коми,87,2021,879075.1
Республика Коми,87,2022,978616.25
Республика Коми,87,2023,1032091.2
Республика Коми,87,2024,1199837.0
Республика Марий Эл,88,2016,170906.47
Республика Марий Эл,88,2017,181825.75
Республика Марий Эл,88,2018,196902.44
Республика Марий Эл,88,2019,207642.61
Республика Марий Эл,88,2020,202563.23
Республика Марий Эл,88,2021,231027.83
Республика Марий Эл,88,2022,256311.73
Республика Марий Эл,88,2023,308621.4
Республика Марий Эл,88,2024,354721.78
Республика Мордовия,89,2016,223343.6
Республика Мордовия,89,2017,239357.02
Республика Мордовия,89,2018,249698.97
Республика Мордовия,89,2019,266880.8
Республика Мордовия,89,2020,270613.16
Республика Мордовия,89,2021,308807.03
Республика Мордовия,89,2022,342485.88
Республика Мордовия,89,2023,400685.6
Республика Мордовия,89,2024,476784.2
Республика Северная Осетия-Алания,90,2016,148814.3
Республика Северная Осетия-Алания,90,2017,154975.3
Республика Северная Осетия-Алания,90,2018,163925.5
Республика Северная Осетия-Алания,90,2019,176127.62
Республика Северная Осетия-Алания,90,2020,182021.98
Республика Северная Осетия-Алания,90,2021,200773.2
Республика Северная Осетия-Алания,90,2022,223516.45
Республика Северная Осетия-Алания,90,2023,267816.34
Республика Северная Осетия-Алания,90,2024,321304.75
Карачаево-Черкесская Республика,91,2016,78526.875
Карачаево-Черкесская Республика,91,2017,84149.91
Карачаево-Черкесская Республика,91,2018,87143.59
Карачаево-Черкесская Республика,91,2019,92727.92
Карачаево-Черкесская Республика,91,2020,96584.27
Карачаево-Черкесская Республика,91,2021,109874.81
Карачаево-Черкесская Республика,91,2022,124887.6
Карачаево-Черкесская Республика,91,2023,147133.16
Карачаево-Черкесская Республика,91,2024,162888.55
Республика Татарстан (Татарстан),92,2016,2061445.1
Республика Татарстан (Татарстан),92,2017,2311809.5
Республика Татарстан (Татарстан),92,2018,2675830.0
Республика Татарстан (Татарстан),92,2019,2865585.8
Республика Татарстан (Татарстан),92,2020,2695683.8
Республика Татарстан (Татарстан),92,2021,3605891.0
Республика Татарстан (Татарстан),92,2022,4211531.5
Республика Татарстан (Татарстан),92,2023,4695834.0
Республика Татарстан (Татарстан),92,2024,5462758.0
Республика Тыва,93,2016,58002.934
Республика Тыва,93,2017,67130.87
Республика Тыва,93,2018,75975.05
Республика Тыва,93,2019,81653.08
Республика Тыва,93,2020,84674.195
Республика Тыва,93,2021,94017.53
Республика Тыва,93,2022,109849.375
Республика Тыва,93,2023,125178.03
Республика Тыва,93,2024,151887.58
Удмуртская Республика,94,2016,570500.1
Удмуртская Республика,94,2017,604624.9
Удмуртская Республика,94,2018,694655.9
Удмуртская Республика,94,2019,738270.56
Удмуртская Республика,94,2020,699288.9
Удмуртская Республика,94,2021,882328.1
Удмуртская Республика,94,2022,978891.5
Удмуртская Республика,94,2023,1121022.6
Удмуртская Республика,94,2024,1401543.1
Республика Хакасия,95,2016,207790.3
Республика Хакасия,95,2017,222588.53
Республика Хакасия,95,2018,246924.89
Республика Хакасия,95,2019,260647.66
Республика Хакасия,95,2020,270684.47
Республика Хакасия,95,2021,319632.2
Республика Хакасия,95,2022,349324.1
Республика Хакасия,95,2023,380289.22
Республика Хакасия,95,2024,395129.9
Чеченская Республика,96,2016,201678.95
Чеченская Республика,96,2017,217952.17
Чеченская Республика,96,2018,226188.95
Чеченская Республика,96,2019,244187.83
Чеченская Республика,96,2020,254759.36
Чеченская Республика,96,2021,281740.16
Чеченская Республика,96,2022,316764.03
Чеченская Республика,96,2023,393815.28
Чеченская Республика,96,2024,539523.0
Чувашская Республика - Чувашия,97,2016,284994.1
Чувашская Республика - Чувашия,97,2017,303521.53
Чувашская Республика - Чувашия,97,2018,327614.38
Чувашская Республика - Чувашия,97,2019,350969.6
Чувашская Республика - Чувашия,97,2020,359488.47
Чувашская Республика - Чувашия,97,2021,414586.75
Чувашская Республика - Чувашия,97,2022,501878.9
Чувашская Республика - Чувашия,97,2023,614998.8
Чувашская Республика - Чувашия,97,2024,705601.9
Республика Саха (Якутия),98,2016,893148.7
Республика Саха (Якутия),98,2017,959001.44
Республика Саха (Якутия),98,2018,1142492.1
Республика Саха (Якутия),98,2019,1246516.4
Республика Саха (Якутия),98,2020,1154141.2
Республика Саха (Якутия),98,2021,1692494.4
Республика Саха (Якутия),98,2022,2026380.8
Республика Саха (Якутия),98,2023,2255315.0
Республика Саха (Якутия),98,2024,2530943.8
Еврейская автономная область,99,2016,48563.23
Еврейская автономная область,99,2017,56309.08
Еврейская автономная область,99,2018,55628.57
Еврейская автономная область,99,2019,57847.188
Еврейская автономная область,99,2020,64217.16
Еврейская автономная область,99,2021,80120.53
Еврейская автономная область,99,2022,81843.555
Еврейская автономная область,99,2023,105705.195
Еврейская автономная область,99,2024,114125.33
Ненецкий автономный округ (Архангельская область),111,2016,261772.62
Ненецкий автономный округ (Архангельская область),111,2017,265791.06
Ненецкий автономный округ (Архангельская область),111,2018,320406.22
Ненецкий автономный округ (Архангельская область),111,2019,331095.9
Ненецкий автономный округ (Архангельская область),111,2020,230775.08
Ненецкий автономный округ (Архангельская область),111,2021,409902.62
Ненецкий автономный округ (Архангельская область),111,2022,489323.75
Ненецкий автономный округ (Архангельская область),111,2023,503582.66
Ненецкий автономный округ (Архангельская область),111,2024,599460.8
Российская Федерация,643,2016,74362800.0
Российская Федерация,643,2017,82923520.0
Российская Федерация,643,2018,93660760.0
Российская Федерация,643,2019,98816840.0
Российская Федерация,643,2020,98691530.0
Российская Федерация,643,2021,127023350.0
Российская Федерация,643,2022,143869840.0
Российская Федерация,643,2023,163019100.0
Российская Федерация,643,2024,186545070.0
Ханты-Мансийский автономный округ - Югра (Тюменская область),711,2016,3137451.0
Ханты-Мансийский автономный округ - Югра (Тюменская область),711,2017,3598451.8
Ханты-Мансийский автономный округ - Югра (Тюменская область),711,2018,4542050.0
Ханты-Мансийский автономный округ - Югра (Тюменская область),711,2019,4598278.0
Ханты-Мансийский автономный округ - Югра (Тюменская область),711,2020,3384383.8
Ханты-Мансийский автономный округ - Югра (Тюменская область),711,2021,5739759.5
Ханты-Мансийский автономный округ - Югра (Тюменская область),711,2022,6917085.5
Ханты-Мансийский автономный округ - Югра (Тюменская область),711,2023,8595766.0
Ханты-Мансийский автономный округ - Югра (Тюменская область),711,2024,9933619.0
Ямало-Ненецкий автономный округ (Тюменская область),7114,2016,2028248.4
Ямало-Ненецкий автономный округ (Тюменская область),7114,2017,2466226.0
Ямало-Ненецкий автономный округ (Тюменская область),7114,2018,3063060.2
Ямало-Ненецкий автономный округ (Тюменская область),7114,2019,3169774.5
Ямало-Ненецкий автономный округ (Тюменская область),7114,2020,2778661.0
Ямало-Ненецкий автономный округ (Тюменская область),7114,2021,4230592.5
Ямало-Ненецкий автономный округ (Тюменская область),7114,2022,5314165.0
Ямало-Ненецкий автономный округ (Тюменская область),7114,2023,5402452.0
Ямало-Ненецкий автономный округ (Тюменская область),7114,2024,6336226.0
Архангельская область (кроме Ненецкого автономного округа),11001,2016,451406.7
Архангельская область (кроме Ненецкого автономного округа),11001,2017,503180.84
Архангельская область (кроме Ненецкого автономного округа),11001,2018,556390.56
Архангельская область (кроме Ненецкого автономного округа),11001,2019,570689.7
Архангельская область (кроме Ненецкого автономного округа),11001,2020,562630.94
Архангельская область (кроме Ненецкого автономного округа),11001,2021,681336.7
Архангельская область (кроме Ненецкого автономного округа),11001,2022,708602.7
Архангельская область (кроме Ненецкого автономного округа),11001,2023,763172.5
Архангельская область (кроме Ненецкого автономного округа),11001,2024,840732.75
Тюменская область (кроме Ханты-Мансийского автономного округа-Югры и Ямало-Ненецкого автономного округа),71001,2016,967868.3
Тюменская область (кроме Ханты-Мансийского автономного округа-Югры и Ямало-Ненецкого автономного округа),71001,2017,1105873.1
Тюменская область (кроме Ханты-Мансийского автономного округа-Югры и Ямало-Ненецкого автономного округа),71001,2018,1341124.5
Тюменская область (кроме Ханты-Мансийского автономного округа-Югры и Ямало-Ненецкого автономного округа),71001,2019,1255294.2
Тюменская область (кроме Ханты-Мансийского автономного округа-Югры и Ямало-Ненецкого автономного округа),71001,2020,1191291.2
Тюменская область (кроме Ханты-Мансийского автономного округа-Югры и Ямало-Ненецкого автономного округа),71001,2021,1595028.9
Тюменская область (кроме Ханты-Мансийского автономного округа-Югры и Ямало-Ненецкого автономного округа),71001,2022,1740705.9
Тюменская область (кроме Ханты-Мансийского автономного округа-Югры и Ямало-Ненецкого автономного округа),71001,2023,1943555.5
Тюменская область (кроме Ханты-Мансийского автономного округа-Югры и Ямало-Ненецкого автономного округа),71001,2024,2213672.5
